医生姓名,医生ID,个人网站,评价分享链接
林永绥,1236859,https://yongsuilin.haodf.com/,https://www.haodf.com/jingyan/all-linyongsui.htm
王明鑫,5534388739,https://wangmingxindr.haodf.com/,https://www.haodf.com/jingyan/all-wangmingxin-6.htm
曲守权,5658041582,https://landingor.haodf.com/,https://www.haodf.com/jingyan/all-qushouquan.htm
高振巢,5803796922,https://drgzc.haodf.com/,https://www.haodf.com/jingyan/all-gaozhenchao-2.htm
沙宝学,4834821973,https://shabaoxue002.haodf.com/,https://www.haodf.com/jingyan/all-shabaoxue.htm
孟德强,5795869115,https://amengd.haodf.com/,https://www.haodf.com/jingyan/all-mengdeqiang.htm
杨广令,5583584836,https://yglygl1980.haodf.com/,https://www.haodf.com/jingyan/all-yangguangling.htm
罗涛,4805981434,https://drluotaosh.haodf.com/,https://www.haodf.com/jingyan/all-luotao-16.htm
周威力,5013608716,https://zhouweili1978.haodf.com/,https://www.haodf.com/jingyan/all-zhouweili-4.htm
石国栋,1691194804,https://shykshiguodong.haodf.com/,https://www.haodf.com/jingyan/all-shiguodong-3.htm
陆明,4996564949,https://lumingyisheng.haodf.com/,https://www.haodf.com/jingyan/all-luming-42.htm
吴萍,5133688109,https://wp495378.haodf.com/,https://www.haodf.com/jingyan/all-wuping-55.htm
顾湘杰,6834648678,https://hdf7rvresjudyt.haodf.com/,https://www.haodf.com/jingyan/all-guxiangjie.htm
黄煌渊,6834469757,https://hdftrv8s7xtdyt.haodf.com/,https://www.haodf.com/jingyan/all-huanghuangyuan.htm
鲍根喜,6834454437,https://hdf5dvcxjscdyt.haodf.com/,https://www.haodf.com/jingyan/all-baogenxi.htm
周建伟,6834455839,https://hdfrfru65bxdyt.haodf.com/,https://www.haodf.com/jingyan/all-zhoujianwei-4.htm
蒋励,5302975799,https://jiangldaifu.haodf.com/,https://www.haodf.com/jingyan/all-jiangli-41.htm
郑超君,4221678247,https://zhengchaojun.haodf.com/,https://www.haodf.com/jingyan/all-zhengchaojun.htm
王洪立,627173935,https://drwanghongli.haodf.com/,https://www.haodf.com/jingyan/all-wanghongli-8.htm
陈立,5601563044,https://chenli2017.haodf.com/,https://www.haodf.com/jingyan/all-chenli-117.htm
王晨,4808034746,https://wangch890825.haodf.com/,https://www.haodf.com/jingyan/all-wangchen-53.htm
邵明昊,5229567075,https://shaominghaodr.haodf.com/,https://www.haodf.com/jingyan/all-shaominghao.htm
吕飞舟,1350160,https://lufeizhou.haodf.com/,https://www.haodf.com/jingyan/all-lvfeizhou.htm
张权,556258637,https://zhangquanhs.haodf.com/,https://www.haodf.com/jingyan/all-zhangquan-2.htm
管韵致,4587702052,https://guanyunzhi1989.haodf.com/,https://www.haodf.com/jingyan/all-guanyunzhi.htm
马昕,108193502,https://maxinhuashan.haodf.com/,https://www.haodf.com/jingyan/all-maxin-4.htm
俞永林,4721889715,https://yuyonglinhdf.haodf.com/,https://www.haodf.com/jingyan/all-yuyonglin-2.htm
陈虹,4300805193,https://chenhongyisheng.haodf.com/,https://www.haodf.com/jingyan/all-chenhong-117.htm
赵诸慧,4829111126,https://zhaozhuhuidr.haodf.com/,https://www.haodf.com/jingyan/all-zhaozhuhui-3.htm
董斌斌,4177468513,https://dbbdf.haodf.com/,https://www.haodf.com/jingyan/all-dongbinbin.htm
施德源,4678793407,https://shideyuan.haodf.com/,https://www.haodf.com/jingyan/all-shideyuan.htm
王毅超,4684159092,https://wangyichaodr.haodf.com/,https://www.haodf.com/jingyan/all-wangyichao-2.htm
陈统一,6834497041,https://hdfa4fkhrqrdyt.haodf.com/,https://www.haodf.com/jingyan/all-chentongyi.htm
陈峥嵘,6834498664,https://hdf6mu54y8bdyt.haodf.com/,https://www.haodf.com/jingyan/all-chenzhengrong.htm
张光健,6834449854,https://hdfbd3xun86dyt.haodf.com/,https://www.haodf.com/jingyan/all-zhangguangjian.htm
刘栋,4684982369,https://hdfliudong.haodf.com/,https://www.haodf.com/jingyan/all-liudong-13.htm
李娟,4646246095,https://lijuanguke.haodf.com/,https://www.haodf.com/jingyan/all-lijuan-57.htm
杨轶,3587267956,https://roland75.haodf.com/,https://www.haodf.com/jingyan/all-yangyi-50.htm
曹渊武,4647401949,https://caoyuanwudr.haodf.com/,https://www.haodf.com/jingyan/all-caoyuanwu.htm
张亮,4649422481,https://tacetzhang.haodf.com/,https://www.haodf.com/jingyan/all-zhangliang-35.htm
马易群,4635274438,https://myq187.haodf.com/,https://www.haodf.com/jingyan/all-mayiqun.htm
江立波,2481679400,https://docjianglibo.haodf.com/,https://www.haodf.com/jingyan/all-jianglibo-3.htm
李琼,3758860591,https://lqiongdr.haodf.com/,https://www.haodf.com/jingyan/all-liqiong-19.htm
徐沁同,5749529233,https://xuqintong.haodf.com/,https://www.haodf.com/jingyan/all-xuqintong.htm
万盛成,5303862462,https://wanshengchengdr.haodf.com/,https://www.haodf.com/jingyan/all-wanshengcheng.htm
董健,136776,https://dongjian.haodf.com/,https://www.haodf.com/jingyan/all-dongjian-32.htm
陈及非,4634352793,https://chenjifei.haodf.com/,https://www.haodf.com/jingyan/all-chenjifei.htm
周建平,504640,https://drzhoujianping.haodf.com/,https://www.haodf.com/jingyan/all-zhoujianping-2.htm
孙静娟,6834499017,https://hdfntpkqaxqdyt.haodf.com/,https://www.haodf.com/jingyan/all-sunjingjuan.htm
易嘉勇,4591549290,https://yijiayong.haodf.com/,https://www.haodf.com/jingyan/all-yijiayong.htm
袁恒锋,5577204169,https://dryhfsh.haodf.com/,https://www.haodf.com/jingyan/all-yuanhengfeng.htm
姜南春,4646270391,https://jiangnanchunguke.haodf.com/,https://www.haodf.com/jingyan/all-jiangnanchun.htm
陈增淦,2103621015,https://chenzenggan.haodf.com/,https://www.haodf.com/jingyan/all-chenzenggan.htm
王晓峰,4391593780,https://wangxfdr.haodf.com/,https://www.haodf.com/jingyan/all-wangxiaofeng-29.htm
林建平,373321,https://linjianping.haodf.com/,https://www.haodf.com/jingyan/all-linjianping.htm
姜允琦,5936098502,https://jiangyunqi.haodf.com/,https://www.haodf.com/jingyan/all-jiangyunqi.htm
夏庆,402500,https://drxiaqing.haodf.com/,https://www.haodf.com/jingyan/all-xiaqing.htm
阎作勤,518369,https://yanzuoqin.haodf.com/,https://www.haodf.com/jingyan/all-yanzuoqin.htm
王会仁,4685345771,https://wanghuiren340.haodf.com/,https://www.haodf.com/jingyan/all-wanghuiren-3.htm
姚振均,394081,https://yaozhenjun.haodf.com/,https://www.haodf.com/jingyan/all-yaozhenjun.htm
孟德华,4361470003,https://mengdehuadr.haodf.com/,https://www.haodf.com/jingyan/all-mengdehua-2.htm
郭常安,68874528,https://guochangan.haodf.com/,https://www.haodf.com/jingyan/all-guochangan.htm
邵云潮,190915,https://shaoyunchao.haodf.com/,https://www.haodf.com/jingyan/all-shaoyunchao.htm
张弛,272475,https://zhangchi.haodf.com/,https://www.haodf.com/jingyan/all-zhangchi-6.htm
胡萍,6103905227,https://Autumnwinslett.haodf.com/,https://www.haodf.com/jingyan/all-huping-30.htm
钱闯,5503112896,https://qianchuang1989.haodf.com/,https://www.haodf.com/jingyan/all-qianchuang-2.htm
莫越强,4851569932,https://moyueqiang.haodf.com/,https://www.haodf.com/jingyan/all-moyueqiang.htm
夏天,5552995665,https://joeblackxt.haodf.com/,https://www.haodf.com/jingyan/all-xiatian-12.htm
倪晓燕,2566731413,https://nixiaoyandr.haodf.com/,https://www.haodf.com/jingyan/all-nixiaoyan.htm
宋君,1495929,https://songjun01.haodf.com/,https://www.haodf.com/jingyan/all-songjun-10.htm
景延辉,5536015329,https://jingyanhuidr.haodf.com/,https://www.haodf.com/jingyan/all-jingyanhui-3.htm
宁波,754818436,https://ningbo22776.haodf.com/,https://www.haodf.com/jingyan/all-ningbo-8.htm
徐平,113657648,https://xupingdr.haodf.com/,https://www.haodf.com/jingyan/all-xuping-44.htm
吴春星,5003023564,https://wuchunxingdr.haodf.com/,https://www.haodf.com/jingyan/all-wuchunxing.htm
郑一鸣,4828034858,https://zhengyimingdf.haodf.com/,https://www.haodf.com/jingyan/all-zhengyiming-4.htm
王达辉,1396420,https://wangdahui.haodf.com/,https://www.haodf.com/jingyan/all-wangdahui.htm
裴新红,5291155261,https://peizane.haodf.com/,https://www.haodf.com/jingyan/all-peixinhong-2.htm
戴尅戎,6834407660,https://hdfm8rmf8sddyt.haodf.com/,https://www.haodf.com/jingyan/all-daikeirong.htm
史定伟,429105,https://shidingwei.haodf.com/,https://www.haodf.com/jingyan/all-shidingwei.htm
孙月华,6834407997,https://hdfr37d6ae3dyt.haodf.com/,https://www.haodf.com/jingyan/all-sunyuehua.htm
翟赞京,4722149276,https://zanjingzhai.haodf.com/,https://www.haodf.com/jingyan/all-dizanjing.htm
张经纬,4830292004,https://zhangjingweidf.haodf.com/,https://www.haodf.com/jingyan/all-zhangjingwei-11.htm
于德刚,5053399882,https://dryudegang.haodf.com/,https://www.haodf.com/jingyan/all-yudegang-2.htm
张凯,5215077940,https://Drkaizhang.haodf.com/,https://www.haodf.com/jingyan/all-zhangkai-64.htm
杨飞,5653875153,https://feiyangdoc.haodf.com/,https://www.haodf.com/jingyan/all-yangfei-36.htm
徐辰,5746861382,https://docxuchen.haodf.com/,https://www.haodf.com/jingyan/all-xuchen-20.htm
应华,5810339075,https://drhying.haodf.com/,https://www.haodf.com/jingyan/all-yinghua-2.htm
杨二柱,5872117525,https://yangerzhu.haodf.com/,https://www.haodf.com/jingyan/all-yangerzhu.htm
吴海山,1094470241,https://drwuhaishan.haodf.com/,https://www.haodf.com/jingyan/all-wuhaishan.htm
张峻,437744,https://drzhangj.haodf.com/,https://www.haodf.com/jingyan/all-zhangjun-58.htm
龚伟华,513025980,https://gwh1124.haodf.com/,https://www.haodf.com/jingyan/all-gongweihua.htm
顾剑华,4570212434,https://gujianhuadoc.haodf.com/,https://www.haodf.com/jingyan/all-gujianhua-9.htm
王金武,616623264,https://wangjinwu.haodf.com/,https://www.haodf.com/jingyan/all-wangjinwu.htm
王燎,2385469332,https://leowong29.haodf.com/,https://www.haodf.com/jingyan/all-wangliao.htm
唐坚,541128,https://tangjian65.haodf.com/,https://www.haodf.com/jingyan/all-tangjian.htm
张蒲,433840,https://drzhangpu.haodf.com/,https://www.haodf.com/jingyan/all-zhangpu.htm
刘凤祥,3307724652,https://liufengxiangdr.haodf.com/,https://www.haodf.com/jingyan/all-liufengxiang-3.htm
赵长清,2337430558,https://jyzhaocq.haodf.com/,https://www.haodf.com/jingyan/all-zhaochangqing-7.htm
俞超,164916917,https://y8902311.haodf.com/,https://www.haodf.com/jingyan/all-yuchao-3.htm
郝永强,429111,https://haoyq.haodf.com/,https://www.haodf.com/jingyan/all-haoyongqiang.htm
李华,437756,https://drlih.haodf.com/,https://www.haodf.com/jingyan/all-lihua-38.htm
朱振安,1659357,https://zhuzhenan.haodf.com/,https://www.haodf.com/jingyan/all-zhuzhenan.htm
程晓非,5814200159,https://hdfcxf.haodf.com/,https://www.haodf.com/jingyan/all-chengxiaofei-2.htm
曾一鸣,4798078041,https://xyhz29.haodf.com/,https://www.haodf.com/jingyan/all-zengyiming-2.htm
毛远青,1654483,https://maoyuanqing.haodf.com/,https://www.haodf.com/jingyan/all-maoyuanqing.htm
刘铭,1996232656,https://liumingdr.haodf.com/,https://www.haodf.com/jingyan/all-liuming-63.htm
王晓庆,2440345,https://wangxiaoqingdr.haodf.com/,https://www.haodf.com/jingyan/all-wangxiaoqing-13.htm
赵杰,250801,https://jiezhao.haodf.com/,https://www.haodf.com/jingyan/all-zhaojie-2.htm
李慧武,524875100,https://lihuiwu.haodf.com/,https://www.haodf.com/jingyan/all-lihuiwu.htm
严孟宁,1746129,https://yanmn.haodf.com/,https://www.haodf.com/jingyan/all-yanmengning.htm
富灵杰,415420188,https://fulingjie.haodf.com/,https://www.haodf.com/jingyan/all-fulingjie.htm
孙晓江,615486082,https://xiaojiangsun.haodf.com/,https://www.haodf.com/jingyan/all-sunxiaojiang-2.htm
赵鑫,2281630266,https://zhaoxinys.haodf.com/,https://www.haodf.com/jingyan/all-zhaoxin-46.htm
干耀恺,674215873,https://ganyaokai.haodf.com/,https://www.haodf.com/jingyan/all-ganyaokai.htm
谢幼专,1363043,https://xieyouzhuan.haodf.com/,https://www.haodf.com/jingyan/all-xieyouzhuan.htm
范洲际,103298201,https://fanzhouji.haodf.com/,https://www.haodf.com/jingyan/all-fanzhouji.htm
查健忠,6834406521,https://hdffuk4u87sdyt.haodf.com/,https://www.haodf.com/jingyan/all-chajianzhong.htm
李青华,5900733925,https://liqhdf.haodf.com/,https://www.haodf.com/jingyan/all-liqinghua-29.htm
何鹤皋,6834387459,https://hdfxcs6p8dhdyt.haodf.com/,https://www.haodf.com/jingyan/all-hehegao.htm
于仲嘉,6834388181,https://hdfsm7pcumwdyt.haodf.com/,https://www.haodf.com/jingyan/all-yuzhongjia.htm
眭述平,6834635263,https://hdfvnqwjpk7dyt.haodf.com/,https://www.haodf.com/jingyan/all-guishuping.htm
张宝云,6834636034,https://hdf8teea3u8dyt.haodf.com/,https://www.haodf.com/jingyan/all-zhangbaoyun.htm
孙源,6850755721,https://sunyuandr.haodf.com/,https://www.haodf.com/jingyan/all-sunyuan-8.htm
王韬,6834568953,https://hdf8kq3xfphdyt.haodf.com/,https://www.haodf.com/jingyan/all-wangtao-112.htm
沈龙祥,1025502052,https://shenlongxiang.haodf.com/,https://www.haodf.com/jingyan/all-shenlongxiang.htm
吴昊,3338670930,https://sdwuhao.haodf.com/,https://www.haodf.com/jingyan/all-wuhao-32.htm
张巍,4006553740,https://Geoffrey1.haodf.com/,https://www.haodf.com/jingyan/all-zhangwei-377.htm
魏小康,4228337420,https://weixkdr.haodf.com/,https://www.haodf.com/jingyan/all-weixiaokang.htm
陈道运,5231090254,https://dychen6h.haodf.com/,https://www.haodf.com/jingyan/all-chendaoyun.htm
詹玉林,4521929898,https://zhanyulinspine.haodf.com/,https://www.haodf.com/jingyan/all-zhanyulin-3.htm
于晓巍,4960517107,https://yuxiaoweidf.haodf.com/,https://www.haodf.com/jingyan/all-yuxiaowei-8.htm
钱叶斌,7139589373,https://qianyebin.haodf.com/,https://www.haodf.com/jingyan/all-qianyebin-2.htm
夏荣刚,375239,https://xiarg.haodf.com/,https://www.haodf.com/jingyan/all-xiaronggang.htm
王桂英,6834641373,https://hdffy6punqmdyt.haodf.com/,https://www.haodf.com/jingyan/all-wangguiying.htm
曾炳芳,6834635671,https://hdfkdspnayydyt.haodf.com/,https://www.haodf.com/jingyan/all-zengbingfang.htm
喻鑫罡,2796968716,https://yuxingang.haodf.com/,https://www.haodf.com/jingyan/all-yuxingang.htm
孙辉,4690639487,https://sunhdf.haodf.com/,https://www.haodf.com/jingyan/all-sunhui-20.htm
徐敏,6834506135,https://hdfar8seauudyt.haodf.com/,https://www.haodf.com/jingyan/all-xumin-34.htm
陈莉,6834380001,https://hdftj4abe5edyt.haodf.com/,https://www.haodf.com/jingyan/all-chenli-3.htm
帅海平,6834639424,https://hdfbn586jskdyt.haodf.com/,https://www.haodf.com/jingyan/all-shuaihaiping.htm
吴珉,5017581434,https://gwwm2007.haodf.com/,https://www.haodf.com/jingyan/all-wumin-2.htm
刘引,6243920786,https://hdfliuyin.haodf.com/,https://www.haodf.com/jingyan/all-liuyin.htm
方洁,5872705520,https://fangjieys.haodf.com/,https://www.haodf.com/jingyan/all-fangjie-3.htm
茅松,167110575,https://maosong1.haodf.com/,https://www.haodf.com/jingyan/all-maosong.htm
于科一,1825122147,https://yukeyi2014.haodf.com/,https://www.haodf.com/jingyan/all-yukeyi-2.htm
高娟,5013331537,https://gaojuandr.haodf.com/,https://www.haodf.com/jingyan/all-gaojuan-10.htm
王子才,146646146,https://drwangzicai.haodf.com/,https://www.haodf.com/jingyan/all-wangzicai.htm
吴良霞,5620600684,https://wuliangxia1234.haodf.com/,https://www.haodf.com/jingyan/all-wuliangxia.htm
陈杰,3946417448,https://rjchenjie.haodf.com/,https://www.haodf.com/jingyan/all-chenjie-128.htm
温竣翔,5428331866,https://wjx372000.haodf.com/,https://www.haodf.com/jingyan/all-wenjunxiang.htm
鲍其远,6149296565,https://baoqiyuandr.haodf.com/,https://www.haodf.com/jingyan/all-baoqiyuan.htm
虞佩,6572734009,https://yupeidr.haodf.com/,https://www.haodf.com/jingyan/all-yupei-4.htm
徐建强,398707,https://drxjq.haodf.com/,https://www.haodf.com/jingyan/all-xujianqiang.htm
冯建民,396402,https://fengjm.haodf.com/,https://www.haodf.com/jingyan/all-fengjianmin.htm
杨庆铭,537105,https://dryqm.haodf.com/,https://www.haodf.com/jingyan/all-yangqingming-3.htm
吴文坚,1006643525,https://drwuwenjian.haodf.com/,https://www.haodf.com/jingyan/all-wuwenjian.htm
王弘毅,3146875221,https://wanghongyidr.haodf.com/,https://www.haodf.com/jingyan/all-wanghongyi-8.htm
王毅,398676,https://drwyi.haodf.com/,https://www.haodf.com/jingyan/all-wangyi-3.htm
王亚梓,373297,https://wangyazi.haodf.com/,https://www.haodf.com/jingyan/all-wangyazi.htm
郝平,41201313,https://gennere.haodf.com/,https://www.haodf.com/jingyan/all-haoping-4.htm
曹鹏,399071,https://caopeng.haodf.com/,https://www.haodf.com/jingyan/all-caopeng.htm
万荣,440149,https://drwanrong.haodf.com/,https://www.haodf.com/jingyan/all-wanrong.htm
王蕾,53983512,https://raywangs.haodf.com/,https://www.haodf.com/jingyan/all-wanglei-6.htm
曹永星,4872843221,https://cyxB1139.haodf.com/,https://www.haodf.com/jingyan/all-caoyongxing.htm
葛晨,4884713130,https://gechen122.haodf.com/,https://www.haodf.com/jingyan/all-gechen.htm
梁裕,513267,https://drliangyu.haodf.com/,https://www.haodf.com/jingyan/all-liangyu.htm
叶庭均,945612668,https://yetingjun.haodf.com/,https://www.haodf.com/jingyan/all-yetingjun.htm
王碧菠,137658192,https://wbbisuni.haodf.com/,https://www.haodf.com/jingyan/all-wangbibo.htm
刘津浩,2103762,https://liujinhao.haodf.com/,https://www.haodf.com/jingyan/all-liujinhao.htm
刘志宏,399024,https://drlzh.haodf.com/,https://www.haodf.com/jingyan/all-liuzhihong-2.htm
张兴凯,78618244,https://zhangxk99.haodf.com/,https://www.haodf.com/jingyan/all-zhangxingkai.htm
张伟滨,408113,https://zhangweibin.haodf.com/,https://www.haodf.com/jingyan/all-zhangweibin.htm
沈宇辉,1571964368,https://putishen.haodf.com/,https://www.haodf.com/jingyan/all-shenyuhui.htm
何川,80094239,https://hechuandr.haodf.com/,https://www.haodf.com/jingyan/all-hechuan-2.htm
杨根兴,6834441450,https://hdfkr7yt76fdyt.haodf.com/,https://www.haodf.com/jingyan/all-yanggenxing.htm
缪明远,3206679748,https://mmydr.haodf.com/,https://www.haodf.com/jingyan/all-moumingyuan.htm
王晓林,3990497004,https://wangxiaolindoc.haodf.com/,https://www.haodf.com/jingyan/all-wangxiaolin-34.htm
陈睦,6834514127,https://hdfsxhea7xmdyt.haodf.com/,https://www.haodf.com/jingyan/all-chenmu-3.htm
许震宇,4831873613,https://supersampson.haodf.com/,https://www.haodf.com/jingyan/all-xuzhenyu-6.htm
金晟,3192580454,https://jinshengdr.haodf.com/,https://www.haodf.com/jingyan/all-jinsheng-5.htm
韩炳强,3192561437,https://hanbq.haodf.com/,https://www.haodf.com/jingyan/all-hanbingqiang.htm
沈恺颖,3206686790,https://skydr.haodf.com/,https://www.haodf.com/jingyan/all-shenkaiying.htm
王志刚,1987439,https://wangzhigangscmc.haodf.com/,https://www.haodf.com/jingyan/all-wangzhigang-6.htm
蔡豪祺,3192557233,https://caihaoqi.haodf.com/,https://www.haodf.com/jingyan/all-caihaoqi.htm
葛翼华,1993261,https://geyihua.haodf.com/,https://www.haodf.com/jingyan/all-geyihua.htm
李玉婵,1991374,https://leel0040.haodf.com/,https://www.haodf.com/jingyan/all-liyuchan.htm
张网林,1574170,https://zhangwanglin.haodf.com/,https://www.haodf.com/jingyan/all-zhangwanglin.htm
蔡海清,1992382,https://caihaiqing.haodf.com/,https://www.haodf.com/jingyan/all-caihaiqing.htm
徐蕴岚,1921657,https://xuyunlan.haodf.com/,https://www.haodf.com/jingyan/all-xuyunlan.htm
蒋雷生,360594,https://jiangleisheng.haodf.com/,https://www.haodf.com/jingyan/all-jiangleisheng.htm
陆骅,356376,https://drluhua.haodf.com/,https://www.haodf.com/jingyan/all-luhua-2.htm
王伟,1607288444,https://doctorwangweidr.haodf.com/,https://www.haodf.com/jingyan/all-wangwei-225.htm
张竞,736900500,https://zhangjingortho.haodf.com/,https://www.haodf.com/jingyan/all-zhangjing-141.htm
陈羽,1172147952,https://yourdrchenyu.haodf.com/,https://www.haodf.com/jingyan/all-chenyu-86.htm
左斌,728886719,https://zerojigao.haodf.com/,https://www.haodf.com/jingyan/all-zuobin-4.htm
李扬,6981862012,https://lachlan0322.haodf.com/,https://www.haodf.com/jingyan/all-liyang-160.htm
沈浩,5060017762,https://shenhao2017.haodf.com/,https://www.haodf.com/jingyan/all-shenhao-8.htm
蒋盛旦,41137184,https://jiangsd.haodf.com/,https://www.haodf.com/jingyan/all-jiangshengdan.htm
沈云,418763609,https://michaelshen.haodf.com/,https://www.haodf.com/jingyan/all-shenyun-2.htm
王鹏,1607370948,https://drwangpengdr.haodf.com/,https://www.haodf.com/jingyan/all-wangpeng-62.htm
李德,1500619504,https://haodflide.haodf.com/,https://www.haodf.com/jingyan/all-lide-3.htm
沈雷,428005445,https://shenlei139.haodf.com/,https://www.haodf.com/jingyan/all-shenlei-4.htm
倪斌斌,1160358246,https://nibinbin.haodf.com/,https://www.haodf.com/jingyan/all-nibinbin.htm
郑新峰,1552469769,https://zhengxinfeng.haodf.com/,https://www.haodf.com/jingyan/all-zhengxinfeng.htm
邵将,569191052,https://shaojiangdr.haodf.com/,https://www.haodf.com/jingyan/all-shaojiang-5.htm
朱俊峰,5896277015,https://hdfzjf.haodf.com/,https://www.haodf.com/jingyan/all-zhujunfeng-8.htm
彭建平,5896274262,https://drpjp.haodf.com/,https://www.haodf.com/jingyan/all-pengjianping-3.htm
王栋梁,2045972,https://WangDongliang73.haodf.com/,https://www.haodf.com/jingyan/all-wangdongliang-2.htm
何继业,1607362449,https://drhejiye.haodf.com/,https://www.haodf.com/jingyan/all-hejiye.htm
张家红,1687935,https://zjh1964.haodf.com/,https://www.haodf.com/jingyan/all-zhangjiahong-2.htm
沈超,605824795,https://shenchaodr.haodf.com/,https://www.haodf.com/jingyan/all-shenchao-3.htm
王晖,5625659551,https://wanghuigk.haodf.com/,https://www.haodf.com/jingyan/all-wanghui-285.htm
陈晓东,418336,https://drcxd.haodf.com/,https://www.haodf.com/jingyan/all-chenxiaodong.htm
王建华,750000449,https://xhwangjh.haodf.com/,https://www.haodf.com/jingyan/all-wangjianhua-25.htm
钱嬿,590571236,https://qianyanhaodaf.haodf.com/,https://www.haodf.com/jingyan/all-qianyan-3.htm
周霖,2452097894,https://drzhoulinsh.haodf.com/,https://www.haodf.com/jingyan/all-zhoulin-30.htm
高宇,2452358192,https://gyu929.haodf.com/,https://www.haodf.com/jingyan/all-gaoyu-18.htm
甘露,2452350179,https://ponpan.haodf.com/,https://www.haodf.com/jingyan/all-ganlu-4.htm
曹诗燕,2452340595,https://doctorcaoshiyan.haodf.com/,https://www.haodf.com/jingyan/all-caoshiyan.htm
雷蕾,2459275193,https://leileidoctor.haodf.com/,https://www.haodf.com/jingyan/all-leilei-14.htm
朱瑜,2459270778,https://zhuyudoctor.haodf.com/,https://www.haodf.com/jingyan/all-zhuyu-19.htm
张晓慧,3208546449,https://zhangxiaohuidf.haodf.com/,https://www.haodf.com/jingyan/all-zhangxiaohui-30.htm
蒋瑾瑾,2054511763,https://jiangjinjindr.haodf.com/,https://www.haodf.com/jingyan/all-jiangjinjin.htm
张丽文,2463577315,https://drzhangliwen.haodf.com/,https://www.haodf.com/jingyan/all-zhangliwen-13.htm
蔡斌,2452078388,https://caibincb.haodf.com/,https://www.haodf.com/jingyan/all-caibin-11.htm
侯春林,5977346925,https://houchunlindr.haodf.com/,https://www.haodf.com/jingyan/all-houchunlin.htm
苟三怀,554045462,https://gousanhuai.haodf.com/,https://www.haodf.com/jingyan/all-gousanhuai.htm
付奇伟,701448667,https://lovefqwy.haodf.com/,https://www.haodf.com/jingyan/all-fuqiwei.htm
丁喆如,1094460671,https://dingzheru.haodf.com/,https://www.haodf.com/jingyan/all-dingzheru.htm
孙璟川,2604252422,https://sunjingchuan.haodf.com/,https://www.haodf.com/jingyan/all-sunjingchuan.htm
张斌,2672850646,https://zhangbindoctor.haodf.com/,https://www.haodf.com/jingyan/all-zhangbin-121.htm
王海波,2856303363,https://wanghbdr.haodf.com/,https://www.haodf.com/jingyan/all-wanghaibo-26.htm
鲍小刚,3146477119,https://baoxiaogang.haodf.com/,https://www.haodf.com/jingyan/all-baoxiaogang.htm
马君,4223146471,https://mjundf.haodf.com/,https://www.haodf.com/jingyan/all-majun-59.htm
陈慧浩,4423796297,https://docchenhuihao.haodf.com/,https://www.haodf.com/jingyan/all-chenhuihao.htm
房蒙,4431769151,https://fangmengdr.haodf.com/,https://www.haodf.com/jingyan/all-fangmeng.htm
周义钦,4659518261,https://zhouyiqindr.haodf.com/,https://www.haodf.com/jingyan/all-zhouyiqin-2.htm
谢宁,694392,https://xieningdr.haodf.com/,https://www.haodf.com/jingyan/all-xiening-8.htm
沈笛,5991015422,https://dishen.haodf.com/,https://www.haodf.com/jingyan/all-shendi-4.htm
孟怡辰,5633794968,https://czmengyc.haodf.com/,https://www.haodf.com/jingyan/all-mengyichen.htm
王亮,6523565180,https://wangliangcz.haodf.com/,https://www.haodf.com/jingyan/all-wangliang-108.htm
孙钰岭,7148663167,https://sunyulingdr.haodf.com/,https://www.haodf.com/jingyan/all-sunyuling-4.htm
鹿楠,6054157863,https://lunandr.haodf.com/,https://www.haodf.com/jingyan/all-lunan-4.htm
王波,1094460017,https://wangbo229000.haodf.com/,https://www.haodf.com/jingyan/all-wangbo-54.htm
曹鹏,2207642137,https://caopengdr.haodf.com/,https://www.haodf.com/jingyan/all-caopeng-4.htm
张成林,2765015274,https://zhangchenglindr.haodf.com/,https://www.haodf.com/jingyan/all-zhangchenglin-2.htm
许炜,4411136273,https://xuweiyisheng.haodf.com/,https://www.haodf.com/jingyan/all-xuwei-91.htm
顾一飞,4819048248,https://guyifei0001.haodf.com/,https://www.haodf.com/jingyan/all-guyifei.htm
杜剑彪,5745866839,https://dujianbiao.haodf.com/,https://www.haodf.com/jingyan/all-dujianbiao.htm
倪斌,542773,https://nibin.haodf.com/,https://www.haodf.com/jingyan/all-nibin.htm
陈华江,529328220,https://Chenhuajiang.haodf.com/,https://www.haodf.com/jingyan/all-chenhuajiang.htm
赵良瑜,6834577351,https://hdf3kepdn33dyt.haodf.com/,https://www.haodf.com/jingyan/all-zhaoliangyu-2.htm
余将明,1961080695,https://yjmspine.haodf.com/,https://www.haodf.com/jingyan/all-yujiangming.htm
杜诗尧,2617675816,https://drdushiyao.haodf.com/,https://www.haodf.com/jingyan/all-dushiyao.htm
钱齐荣,2342891,https://qianqr.haodf.com/,https://www.haodf.com/jingyan/all-qianqirong.htm
何海龙,2207629817,https://hehailongdr.haodf.com/,https://www.haodf.com/jingyan/all-hehailong-2.htm
刘岩,395226,https://drlyan.haodf.com/,https://www.haodf.com/jingyan/all-liuyan-9.htm
陈爱民,1018526340,https://aiminchen.haodf.com/,https://www.haodf.com/jingyan/all-chenaimin.htm
李晓华,431366,https://xiaohuali.haodf.com/,https://www.haodf.com/jingyan/all-lixiaohua.htm
贾连顺,5238957773,https://jialianshundr.haodf.com/,https://www.haodf.com/jingyan/all-jialianshun.htm
袁文,1074823,https://yuanwenhaodf.haodf.com/,https://www.haodf.com/jingyan/all-yuanwen.htm
陈德玉,89178024,https://deyuchen.haodf.com/,https://www.haodf.com/jingyan/all-chendeyu.htm
王新伟,359083,https://wangxinwei.haodf.com/,https://www.haodf.com/jingyan/all-wangxinwei.htm
欧阳跃平,439115,https://oyyp.haodf.com/,https://www.haodf.com/jingyan/all-ouyangyueping.htm
王静,4947662164,https://wangj0415.haodf.com/,https://www.haodf.com/jingyan/all-wangjing-317.htm
叶晓健,360207,https://yexiaojian.haodf.com/,https://www.haodf.com/jingyan/all-yexiaojian.htm
陈雄生,5754063334,https://chenxiongsheng.haodf.com/,https://www.haodf.com/jingyan/all-chenxiongsheng.htm
林浩东,1161187493,https://linhaodong1978.haodf.com/,https://www.haodf.com/jingyan/all-linhaodong-2.htm
余文超,5534394282,https://yuwenchaodr.haodf.com/,https://www.haodf.com/jingyan/all-yuwenchao.htm
叶添文,3897089146,https://yetianwensh.haodf.com/,https://www.haodf.com/jingyan/all-yetianwen.htm
吴宇黎,1201635,https://wuyuli.haodf.com/,https://www.haodf.com/jingyan/all-wuyuli-2.htm
许鹏,2040152918,https://xupengdr.haodf.com/,https://www.haodf.com/jingyan/all-xupeng-23.htm
何英,904860942,https://heying2013.haodf.com/,https://www.haodf.com/jingyan/all-heying.htm
帅瑞雪,6013136814,https://shuairuixuedr.haodf.com/,https://www.haodf.com/jingyan/all-shuairuixue.htm
苏渊,596703670,https://suyuan2012.haodf.com/,https://www.haodf.com/jingyan/all-suyuan.htm
徐通,146645817,https://drxutong.haodf.com/,https://www.haodf.com/jingyan/all-xutong.htm
周翊,146645402,https://dfzhouyi.haodf.com/,https://www.haodf.com/jingyan/all-zhouyi.htm
李振华,336661,https://lizhenhua.haodf.com/,https://www.haodf.com/jingyan/all-lizhenhua-2.htm
史永振,336644,https://shiyongzhen.haodf.com/,https://www.haodf.com/jingyan/all-shiyongzhen.htm
吴卫平,336668,https://wuweiping.haodf.com/,https://www.haodf.com/jingyan/all-wuweiping-4.htm
楼列名,336638,https://loulieming.haodf.com/,https://www.haodf.com/jingyan/all-loulieming.htm
李文俊,332522,https://joli8096.haodf.com/,https://www.haodf.com/jingyan/all-liwenjun-11.htm
杨伟志,338425,https://yangweizhi.haodf.com/,https://www.haodf.com/jingyan/all-yangweizhi.htm
王建广,338436,https://wangjianguang.haodf.com/,https://www.haodf.com/jingyan/all-wangjianguang-4.htm
茅凌洲,338446,https://maolingzhou.haodf.com/,https://www.haodf.com/jingyan/all-maolingzhou.htm
张帆,948632,https://zhangyifan528.haodf.com/,https://www.haodf.com/jingyan/all-zhangfan-39.htm
刘俊建,377721049,https://liujunjian1968.haodf.com/,https://www.haodf.com/jingyan/all-liujunjian.htm
胡硕,1571920007,https://hushuo10.haodf.com/,https://www.haodf.com/jingyan/all-hushuo-3.htm
张雷,3470056385,https://yszhanglei.haodf.com/,https://www.haodf.com/jingyan/all-zhanglei-208.htm
虞宵,3489218145,https://yuxiaoyisheng.haodf.com/,https://www.haodf.com/jingyan/all-yuxiao-12.htm
丛锐军,3858503768,https://crjg.haodf.com/,https://www.haodf.com/jingyan/all-congruijun.htm
杨建军,4915415460,https://yangjianjundf.haodf.com/,https://www.haodf.com/jingyan/all-yangjianjun-24.htm
姜文伟,5613373615,https://jww946123.haodf.com/,https://www.haodf.com/jingyan/all-jiangwenwei.htm
郑智,5613169887,https://zzmrsa.haodf.com/,https://www.haodf.com/jingyan/all-zhengzhi-18.htm
范霖,5613150349,https://MiniJoint.haodf.com/,https://www.haodf.com/jingyan/all-fanlin-13.htm
高秋明,5613172405,https://gaoqiuming.haodf.com/,https://www.haodf.com/jingyan/all-gaoqiuming.htm
范骜元,5613144919,https://aoyuanfan.haodf.com/,https://www.haodf.com/jingyan/all-fanaoyuan.htm
陆恒立,5613157692,https://luhengli0315.haodf.com/,https://www.haodf.com/jingyan/all-luhengli.htm
陈忆超,5637353255,https://chenyichao.haodf.com/,https://www.haodf.com/jingyan/all-chenyichao.htm
薛超,5631235838,https://xavaio.haodf.com/,https://www.haodf.com/jingyan/all-xuechao-4.htm
黄靖彪,5630936706,https://superjingyisheng.haodf.com/,https://www.haodf.com/jingyan/all-huangjingbiao.htm
刘岑涛,5638176720,https://liucentao.haodf.com/,https://www.haodf.com/jingyan/all-liucentao.htm
胡锐,5631045151,https://hr0214.haodf.com/,https://www.haodf.com/jingyan/all-hurui-11.htm
葛恒安,5638240237,https://gehengandr.haodf.com/,https://www.haodf.com/jingyan/all-gehengan.htm
张英磊,5631057648,https://zhangyinglei1993.haodf.com/,https://www.haodf.com/jingyan/all-zhangyinglei.htm
王敏,5641723897,https://wangminsh.haodf.com/,https://www.haodf.com/jingyan/all-wangmin-183.htm
刘葛军,5749565670,https://drliugejun.haodf.com/,https://www.haodf.com/jingyan/all-liugejun.htm
廖宇昕,5753943528,https://drliaoyuxin.haodf.com/,https://www.haodf.com/jingyan/all-liaoyuxin-2.htm
李少华,225626,https://lishaohua77.haodf.com/,https://www.haodf.com/jingyan/all-lishaohua.htm
刘杰,336776,https://liuj002.haodf.com/,https://www.haodf.com/jingyan/all-liujie-48.htm
陶坤,338418,https://taokun.haodf.com/,https://www.haodf.com/jingyan/all-taokun-2.htm
张立国,336685,https://zhangliguo.haodf.com/,https://www.haodf.com/jingyan/all-zhangliguo.htm
何志敏,715824425,https://spinehzm.haodf.com/,https://www.haodf.com/jingyan/all-hezhimin-3.htm
虞舜志,4297684944,https://yushunzhi.haodf.com/,https://www.haodf.com/jingyan/all-yushunzhi.htm
徐天阳,5611171114,https://xutianyang.haodf.com/,https://www.haodf.com/jingyan/all-xutianyang.htm
刘凯缘,5611170657,https://lkaiyuan94.haodf.com/,https://www.haodf.com/jingyan/all-liukaiyuan-2.htm
杨东,5613827720,https://yangdongdr.haodf.com/,https://www.haodf.com/jingyan/all-yangdong-41.htm
吴格安,5636525588,https://wga7025038.haodf.com/,https://www.haodf.com/jingyan/all-wugean.htm
康辉,5929187361,https://drkanghui.haodf.com/,https://www.haodf.com/jingyan/all-kanghui-7.htm
蔡明,338412,https://caiming.haodf.com/,https://www.haodf.com/jingyan/all-caiming-7.htm
严宁,3392770816,https://yanningdr.haodf.com/,https://www.haodf.com/jingyan/all-yanning-6.htm
顾昕,338451,https://guxin2004.haodf.com/,https://www.haodf.com/jingyan/all-guxin-5.htm
王传锋,5017245732,https://wangchuanfengdr.haodf.com/,https://www.haodf.com/jingyan/all-wangchuanfeng.htm
李军,5631147245,https://lijunsport.haodf.com/,https://www.haodf.com/jingyan/all-lijun-374.htm
徐英,6834380395,https://hdfq6vyykcndyt.haodf.com/,https://www.haodf.com/jingyan/all-xuying-4.htm
郭筱枝,4243380161,https://guoxiaozhidr.haodf.com/,https://www.haodf.com/jingyan/all-guoxiaozhi.htm
罗蔚聪,6834461712,https://hdfd7yy8wqpdyt.haodf.com/,https://www.haodf.com/jingyan/all-luoweicong-2.htm
陆凤凤,6834855405,https://hdfrepa6pwhdyt.haodf.com/,https://www.haodf.com/jingyan/all-lufengfeng.htm
李旻,6834926644,https://hdfqyuwvfn6dyt.haodf.com/,https://www.haodf.com/jingyan/all-limin-70.htm
蓝艳辉,4335557303,https://lanyanhui.haodf.com/,https://www.haodf.com/jingyan/all-lanyanhui.htm
杨蓉,6834788591,https://hdf5nbhav7vdyt.haodf.com/,https://www.haodf.com/jingyan/all-yangrong-25.htm
张敏,5574493264,https://zhangminzmys.haodf.com/,https://www.haodf.com/jingyan/all-zhangmin-190.htm
谷丽,2682649,https://guli1219.haodf.com/,https://www.haodf.com/jingyan/all-guli.htm
陈艳杰,2717136290,https://Chenyjjj.haodf.com/,https://www.haodf.com/jingyan/all-chenyanjie-2.htm
陈丹,5195968713,https://cd5494.haodf.com/,https://www.haodf.com/jingyan/all-chendan-36.htm
李爱国,5243206969,https://laggch38.haodf.com/,https://www.haodf.com/jingyan/all-liaiguo-10.htm
王秋根,431982,https://wangqiugen.haodf.com/,https://www.haodf.com/jingyan/all-wangqiugen.htm
田纪伟,185669,https://tjw609.haodf.com/,https://www.haodf.com/jingyan/all-tianjiwei.htm
李凡,680540,https://lifend.haodf.com/,https://www.haodf.com/jingyan/all-lifan.htm
陶杰,600194906,https://taojie123.haodf.com/,https://www.haodf.com/jingyan/all-taojie-2.htm
丁浩,5017549145,https://dinghaoyisheng.haodf.com/,https://www.haodf.com/jingyan/all-dinghao-6.htm
周孜辉,1420228932,https://zhou94zh.haodf.com/,https://www.haodf.com/jingyan/all-zhouzihui.htm
尹华斌,3392721595,https://yinhuabindr.haodf.com/,https://www.haodf.com/jingyan/all-yinhuabin-2.htm
梁鹤,3459587639,https://lianghedr.haodf.com/,https://www.haodf.com/jingyan/all-lianghe.htm
牛科润,3908204248,https://niukerun.haodf.com/,https://www.haodf.com/jingyan/all-niukerun.htm
周承豪,5749346443,https://fthree.haodf.com/,https://www.haodf.com/jingyan/all-zhouchenghao-3.htm
左冬青,6096213703,https://zuozuo198.haodf.com/,https://www.haodf.com/jingyan/all-zuodongqing.htm
杭栋华,6757670994,https://gkhdh.haodf.com/,https://www.haodf.com/jingyan/all-hangdonghua.htm
滕松松,7072339344,https://tengssdr.haodf.com/,https://www.haodf.com/jingyan/all-tengsongsong.htm
高伟,380916,https://gkgaowei.haodf.com/,https://www.haodf.com/jingyan/all-gaowei-16.htm
朱力波,541135,https://zhulibo.haodf.com/,https://www.haodf.com/jingyan/all-zhulibo.htm
夏天,163497011,https://xiatiandr.haodf.com/,https://www.haodf.com/jingyan/all-xiatian-5.htm
汪方,534281652,https://gkwys.haodf.com/,https://www.haodf.com/jingyan/all-wangfang-52.htm
赵庆华,1700274186,https://sawboneszhao.haodf.com/,https://www.haodf.com/jingyan/all-zhaoqinghua-4.htm
谢仁国,994296353,https://xierenguo.haodf.com/,https://www.haodf.com/jingyan/all-xierenguo.htm
王建东,4900334301,https://wangjiandongdf.haodf.com/,https://www.haodf.com/jingyan/all-wangjiandong-8.htm
马春辉,4227361081,https://drmachunhui.haodf.com/,https://www.haodf.com/jingyan/all-machunhui.htm
傅泽泽,5312926754,https://fuzezedr.haodf.com/,https://www.haodf.com/jingyan/all-fuzeze.htm
吴建锋,6535355583,https://hdfwujianfeng.haodf.com/,https://www.haodf.com/jingyan/all-wujianfeng-8.htm
李豪青,541158,https://lihaoqing.haodf.com/,https://www.haodf.com/jingyan/all-lihaoqing.htm
马金忠,121263387,https://majinzhong2011.haodf.com/,https://www.haodf.com/jingyan/all-majinzhong.htm
沈强,378575,https://drshen.haodf.com/,https://www.haodf.com/jingyan/all-shenqiang-6.htm
俞银贤,1011913044,https://yuyinxian.haodf.com/,https://www.haodf.com/jingyan/all-yuyinxian.htm
孙梦熊,4570111275,https://sunmengxiong.haodf.com/,https://www.haodf.com/jingyan/all-sunmengxiong.htm
王雷,736738202,https://thunderwang0322.haodf.com/,https://www.haodf.com/jingyan/all-wanglei-110.htm
沈嘉康,1809038623,https://jiakangshen.haodf.com/,https://www.haodf.com/jingyan/all-shenjiakang.htm
蔡郑东,418574,https://caizhengdong.haodf.com/,https://www.haodf.com/jingyan/all-caizhengdong.htm
马小军,1069840,https://chinamxj.haodf.com/,https://www.haodf.com/jingyan/all-maxiaojun-4.htm
孙伟,669316832,https://sunweii.haodf.com/,https://www.haodf.com/jingyan/all-sunwei-47.htm
黄建华,541098,https://drhuangjianhua.haodf.com/,https://www.haodf.com/jingyan/all-huangjianhua-4.htm
华莹奇,728835223,https://huayingqi.haodf.com/,https://www.haodf.com/jingyan/all-huayingqi.htm
林健,4772623125,https://linjianhdf.haodf.com/,https://www.haodf.com/jingyan/all-linjian-29.htm
易诚青,1205837563,https://yichengqing.haodf.com/,https://www.haodf.com/jingyan/all-yichengqing.htm
朱亮,2024390895,https://zhuliangspine.haodf.com/,https://www.haodf.com/jingyan/all-zhuliang-7.htm
宋滇文,1057808919,https://songdianwen.haodf.com/,https://www.haodf.com/jingyan/all-songdianwen.htm
卿雪芹,3982316765,https://qxqdf.haodf.com/,https://www.haodf.com/jingyan/all-qingxueqin.htm
邓玫,119123129,https://dengmei123456.haodf.com/,https://www.haodf.com/jingyan/all-dengmei-3.htm
李雅春,2119342059,https://drliyachun.haodf.com/,https://www.haodf.com/jingyan/all-liyachun.htm
王林,921234250,https://walozh.haodf.com/,https://www.haodf.com/jingyan/all-wanglin-113.htm
陈柏松,1197500511,https://chenbaisong.haodf.com/,https://www.haodf.com/jingyan/all-chenbaisong-2.htm
陈梦婕,4891274830,https://chenmengjiedr.haodf.com/,https://www.haodf.com/jingyan/all-chenmengjie-4.htm
马琪超,4002245999,https://mqc1989220.haodf.com/,https://www.haodf.com/jingyan/all-maqichao.htm
应灏,67883233,https://yinghao1.haodf.com/,https://www.haodf.com/jingyan/all-yinghao.htm
罗义,4206714126,https://luoyidr.haodf.com/,https://www.haodf.com/jingyan/all-luoyi-36.htm
赵利华,4401679732,https://zhaolh123456.haodf.com/,https://www.haodf.com/jingyan/all-zhaolihua-14.htm
王隼,1648927,https://wangsunsh.haodf.com/,https://www.haodf.com/jingyan/all-wangsun-2.htm
董良超,3882378423,https://dongliangchaodr.haodf.com/,https://www.haodf.com/jingyan/all-dongliangchao.htm
沈阳,3560403824,https://drshenyang.haodf.com/,https://www.haodf.com/jingyan/all-shenyang-14.htm
刘兴元,417108,https://liuxingyuan.haodf.com/,https://www.haodf.com/jingyan/all-liuxingyuan.htm
唐晋清,418588,https://tangjinqing.haodf.com/,https://www.haodf.com/jingyan/all-tangjinqing.htm
郑桂芬,5011506241,https://zhengguifen.haodf.com/,https://www.haodf.com/jingyan/all-zhengguifen.htm
赵焱,3435029045,https://zhaosanhuo.haodf.com/,https://www.haodf.com/jingyan/all-zhaoyan-79.htm
李伟,3903285791,https://liweiys99.haodf.com/,https://www.haodf.com/jingyan/all-liwei-328.htm
周宁,5024919627,https://zhouningyisheng.haodf.com/,https://www.haodf.com/jingyan/all-zhouning-23.htm
乔晓红,3843907186,https://qiaoxiaohongdr.haodf.com/,https://www.haodf.com/jingyan/all-qiaoxiaohong-2.htm
许国星,4730063501,https://xuguoxingdr.haodf.com/,https://www.haodf.com/jingyan/all-xuguoxing-4.htm
王谦,5847624696,https://drwangqian23.haodf.com/,https://www.haodf.com/jingyan/all-wangqian-127.htm
马辉,1651754316,https://mahdoctor.haodf.com/,https://www.haodf.com/jingyan/all-mahui-17.htm
康一凡,103585,https://kangyifan.haodf.com/,https://www.haodf.com/jingyan/all-kangyifan.htm
林研,1055793,https://ianlynn.haodf.com/,https://www.haodf.com/jingyan/all-linyan.htm
彭庄,1017521,https://pengzhuang.haodf.com/,https://www.haodf.com/jingyan/all-pengzhuang.htm
王予彬,56434,https://wangyubin.haodf.com/,https://www.haodf.com/jingyan/all-wangyubin-3.htm
邵钦,1111019,https://shaoqin001.haodf.com/,https://www.haodf.com/jingyan/all-shaoqin.htm
韩宁,1667071,https://hanningdr.haodf.com/,https://www.haodf.com/jingyan/all-hanning-6.htm
王勇,4554335261,https://wangy67.haodf.com/,https://www.haodf.com/jingyan/all-wangyong-140.htm
沈阳,5304873186,https://tjshenyang.haodf.com/,https://www.haodf.com/jingyan/all-shenyang-21.htm
陈春华,5694841501,https://cchdr.haodf.com/,https://www.haodf.com/jingyan/all-chenchunhua-7.htm
李增春,7273555355,https://hdfwxj4w8sujyt.haodf.com/,https://www.haodf.com/jingyan/all-lizengchun.htm
陆晴友,1495878634,https://qingyou266.haodf.com/,https://www.haodf.com/jingyan/all-luqingyou.htm
韩庆辉,5774281707,https://hanqinghuidr.haodf.com/,https://www.haodf.com/jingyan/all-hanqinghui.htm
吴韦,1021627,https://drwuwei.haodf.com/,https://www.haodf.com/jingyan/all-wuwei-7.htm
陈雁西,601236641,https://cyxtongji.haodf.com/,https://www.haodf.com/jingyan/all-chenyanxi.htm
孙贵新,579132,https://sunguixin.haodf.com/,https://www.haodf.com/jingyan/all-sunguixin-2.htm
殷骏,7273555252,https://hdfdctcnmnxjyt.haodf.com/,https://www.haodf.com/jingyan/all-yinjun.htm
乔荆,983546137,https://jinq123.haodf.com/,https://www.haodf.com/jingyan/all-qiaojing.htm
陈敏,1664731759,https://chenmindfyy.haodf.com/,https://www.haodf.com/jingyan/all-chenmin-24.htm
徐丽华,2410545,https://lihuaxu.haodf.com/,https://www.haodf.com/jingyan/all-xulihua-11.htm
梅峻,7139131810,https://coolmjno1.haodf.com/,https://www.haodf.com/jingyan/all-meijun-3.htm
龚春华,4451621031,https://gongchunhuadr.haodf.com/,https://www.haodf.com/jingyan/all-gongchunhua.htm
陈佳,5471293978,https://chenjiaameng.haodf.com/,https://www.haodf.com/jingyan/all-chenjia-30.htm
孙敏,6953730101,https://sunmindoctor.haodf.com/,https://www.haodf.com/jingyan/all-sunmin-28.htm
蔡振伟,7273555141,https://hdfpbyp3nqsjyt.haodf.com/,https://www.haodf.com/jingyan/all-caizhenwei.htm
欧阳玲,7273555195,https://hdf5f4rx4j8jyt.haodf.com/,https://www.haodf.com/jingyan/all-ouyangling.htm
俞善昌,2319184893,https://yushanchang.haodf.com/,https://www.haodf.com/jingyan/all-yushanchang.htm
刘芳,400379,https://liufangsh30.haodf.com/,https://www.haodf.com/jingyan/all-liufang-70.htm
周健,6383745082,https://zhoujianhdf.haodf.com/,https://www.haodf.com/jingyan/all-zhoujian-14.htm
董宇启,4547983561,https://dongyuqidr.haodf.com/,https://www.haodf.com/jingyan/all-dongyuqi.htm
胡光宇,6834563049,https://hdfrf3mfejsdyt.haodf.com/,https://www.haodf.com/jingyan/all-huguangyu.htm
韦民,6834563425,https://hdfxurkyqqpdyt.haodf.com/,https://www.haodf.com/jingyan/all-weimin-9.htm
黄平,3419808359,https://huangpingshdr.haodf.com/,https://www.haodf.com/jingyan/all-huangping-46.htm
王涵韬,1683958149,https://drwanghantao.haodf.com/,https://www.haodf.com/jingyan/all-wanghantao-2.htm
张炜,5770020290,https://rjzhangwei.haodf.com/,https://www.haodf.com/jingyan/all-zhangwei-344.htm
高英健,5641914666,https://gaoyingjiandr.haodf.com/,https://www.haodf.com/jingyan/all-gaoyingjian.htm
陈智,4169412165,https://chenzhidf.haodf.com/,https://www.haodf.com/jingyan/all-chenzhi-28.htm
李新锋,908942880,https://lixingfengdr.haodf.com/,https://www.haodf.com/jingyan/all-lixinfeng-4.htm
傅晓东,5641900084,https://drfuxd.haodf.com/,https://www.haodf.com/jingyan/all-fuxiaodong-4.htm
张超,3088541680,https://zhangchaoys.haodf.com/,https://www.haodf.com/jingyan/all-zhangchao-37.htm
程光齐,440007,https://chengguangqi.haodf.com/,https://www.haodf.com/jingyan/all-chengguangqi.htm
王伟力,6834713233,https://hdfqqyyu5tsdyt.haodf.com/,https://www.haodf.com/jingyan/all-wangweili.htm
朱乃锋,4034036785,https://nfzhu.haodf.com/,https://www.haodf.com/jingyan/all-zhunaifeng.htm
周春,4172725217,https://drzhouchun.haodf.com/,https://www.haodf.com/jingyan/all-zhouchun-8.htm
冯宇,6834561769,https://hdfe8fbqxxadyt.haodf.com/,https://www.haodf.com/jingyan/all-fengyu-8.htm
肖伟元,4165853363,https://benny952.haodf.com/,https://www.haodf.com/jingyan/all-xiaoweiyuan.htm
信维伟,4149818294,https://renjixinweiwei.haodf.com/,https://www.haodf.com/jingyan/all-xinweiwei.htm
徐卿荣,1062381873,https://drxuqingrong.haodf.com/,https://www.haodf.com/jingyan/all-xuqingrong.htm
徐瑞达,3015705649,https://xrd1984.haodf.com/,https://www.haodf.com/jingyan/all-xuruida.htm
李晓淼,788676466,https://lixiaomiaodr.haodf.com/,https://www.haodf.com/jingyan/all-lixiaomiao-3.htm
杜琳,5011538981,https://dulinyisheng.haodf.com/,https://www.haodf.com/jingyan/all-dulin-4.htm
沈奕,776717284,https://mrshenyi.haodf.com/,https://www.haodf.com/jingyan/all-shenyi-17.htm
毛海英,1495267,https://maohaiying0523.haodf.com/,https://www.haodf.com/jingyan/all-maohaiying.htm
张炜奇,470916,https://zhangweiqi.haodf.com/,https://www.haodf.com/jingyan/all-zhangweiqi.htm
卢燕鸣,53030,https://ycl18.haodf.com/,https://www.haodf.com/jingyan/all-luyanming-2.htm
赵瑜,944723327,https://lhzylyj.haodf.com/,https://www.haodf.com/jingyan/all-zhaoyu-13.htm
李亚琴,528837,https://liyaqinhdf.haodf.com/,https://www.haodf.com/jingyan/all-liyaqin-4.htm
薛海燕,4889440517,https://xhy5.haodf.com/,https://www.haodf.com/jingyan/all-xuehaiyan.htm
周文静,5172362348,https://zhouwenjing2188.haodf.com/,https://www.haodf.com/jingyan/all-zhouwenjing-3.htm
励乐萍,5686881801,https://lilepingdr.haodf.com/,https://www.haodf.com/jingyan/all-lileping-4.htm
秦凤,6076129704,https://qinfeng0716.haodf.com/,https://www.haodf.com/jingyan/all-qinfeng-5.htm
洪淳敏,6227520583,https://hongchunmin.haodf.com/,https://www.haodf.com/jingyan/all-hongchunmin.htm
夏敏,2994274416,https://drxiamin.haodf.com/,https://www.haodf.com/jingyan/all-xiamin-8.htm
马文静,4889432857,https://ahmuwenjing.haodf.com/,https://www.haodf.com/jingyan/all-mawenjing-3.htm
于清,1153883,https://yuqingrenji.haodf.com/,https://www.haodf.com/jingyan/all-yuqing-11.htm
陈伟,1626431189,https://chenweierke.haodf.com/,https://www.haodf.com/jingyan/all-chenwei-158.htm
徐凌云,380932386,https://xly1976.haodf.com/,https://www.haodf.com/jingyan/all-xulingyun-3.htm
屠志强,3915951751,https://tuzhiqiang.haodf.com/,https://www.haodf.com/jingyan/all-tuzhiqiang.htm
曹兰芳,505281,https://clf530303.haodf.com/,https://www.haodf.com/jingyan/all-caolanfang.htm
朱盛国,63991317,https://zhushengguo.haodf.com/,https://www.haodf.com/jingyan/all-zhushengguo.htm
顾明达,87871,https://gumingda.haodf.com/,https://www.haodf.com/jingyan/all-gumingda-2.htm
张帆,492552,https://zhangfan0910.haodf.com/,https://www.haodf.com/jingyan/all-zhangfan-2.htm
朱敏华,1137904,https://zhuminhua.haodf.com/,https://www.haodf.com/jingyan/all-zhuminhua.htm
赵鋆,2801009,https://zhaojun1236.haodf.com/,https://www.haodf.com/jingyan/all-zhaoyun-2.htm
郑昱新,57574,https://zhengyuxin.haodf.com/,https://www.haodf.com/jingyan/all-zhengyuxin-2.htm
刘印文,795432789,https://yinwenliu.haodf.com/,https://www.haodf.com/jingyan/all-liuyinwen-2.htm
李志强,697780115,https://spinelee.haodf.com/,https://www.haodf.com/jingyan/all-lizhiqiang-32.htm
汤荣光,7273558163,https://hdfcw85h8k7jyt.haodf.com/,https://www.haodf.com/jingyan/all-tangrongguang-3.htm
张琥,7273938240,https://hdfjw5bbcdmjyt.haodf.com/,https://www.haodf.com/jingyan/all-zhanghu-6.htm
牛守国,7276156172,https://hdfrxkjdpyvjyt.haodf.com/,https://www.haodf.com/jingyan/all-niushouguo-2.htm
黄仕荣,332914,https://huangshirong.haodf.com/,https://www.haodf.com/jingyan/all-huangshirong-2.htm
张磊,1262093565,https://doczl.haodf.com/,https://www.haodf.com/jingyan/all-zhanglei-146.htm
俞仲翔,1834105,https://yuzhongxiang.haodf.com/,https://www.haodf.com/jingyan/all-yuzhongxiang-2.htm
姜之炎,6756979531,https://jiangzhiyandr.haodf.com/,https://www.haodf.com/jingyan/all-jiangzhiyan.htm
朱琴垏,6834733201,https://hdfmk7ydmcddyt.haodf.com/,https://www.haodf.com/jingyan/all-zhuqinlv.htm
李文,5406676733,https://liwenlwys.haodf.com/,https://www.haodf.com/jingyan/all-liwen-50.htm
姜永红,1562373316,https://jiangyhdr.haodf.com/,https://www.haodf.com/jingyan/all-jiangyonghong-4.htm
刘铁新,5022851875,https://liutiexindr.haodf.com/,https://www.haodf.com/jingyan/all-liutiexin.htm
张原华,815801,https://zhangyuanhua.haodf.com/,https://www.haodf.com/jingyan/all-zhangyuanhua.htm
朱海波,4799043642,https://zhuhaibodoc.haodf.com/,https://www.haodf.com/jingyan/all-zhuhaibo-2.htm
汤杰,4771005173,https://tangjiedr.haodf.com/,https://www.haodf.com/jingyan/all-tangjie-26.htm
符莉,4649174920,https://fldoc.haodf.com/,https://www.haodf.com/jingyan/all-fuli-5.htm
王海鹏,5283528540,https://ilbav.haodf.com/,https://www.haodf.com/jingyan/all-wanghaipeng-8.htm
彭程,7274593668,https://hdfypuvc7cvjyt.haodf.com/,https://www.haodf.com/jingyan/all-pengcheng-15.htm
顾峥嵘,1059430213,https://goozhengrong.haodf.com/,https://www.haodf.com/jingyan/all-guzhengrong-2.htm
谢桂芬,6834511322,https://hdfe45hxqfbdyt.haodf.com/,https://www.haodf.com/jingyan/all-xieguifen.htm
周强,573084537,https://zhouqiang619.haodf.com/,https://www.haodf.com/jingyan/all-zhouqiang-6.htm
张磊,5469221696,https://drzlgk.haodf.com/,https://www.haodf.com/jingyan/all-zhanglei-309.htm
阚卫兵,2251932667,https://kanwb.haodf.com/,https://www.haodf.com/jingyan/all-kanweibing.htm
王明飞,4845755155,https://wangmingfei88.haodf.com/,https://www.haodf.com/jingyan/all-wangmingfei-3.htm
周军杰,1193982621,https://boysroger.haodf.com/,https://www.haodf.com/jingyan/all-zhoujunjie-4.htm
庞金辉,3976378280,https://Drpangjinhui.haodf.com/,https://www.haodf.com/jingyan/all-pangjinhui.htm
陈伟斌,6834555092,https://hdfsjphjr8ydyt.haodf.com/,https://www.haodf.com/jingyan/all-chenweibin.htm
姚敏,6834555433,https://hdfkjy3wqdpdyt.haodf.com/,https://www.haodf.com/jingyan/all-yaomin-2.htm
朱慧华,6834555766,https://hdf4fdpux7adyt.haodf.com/,https://www.haodf.com/jingyan/all-zhuhuihua-3.htm
朱晶晶,6834802246,https://hdfhffdmwdydyt.haodf.com/,https://www.haodf.com/jingyan/all-zhujingjing.htm
徐钢,6834803259,https://hdfv6rma5b3dyt.haodf.com/,https://www.haodf.com/jingyan/all-xugang-7.htm
萧子佛,6834625875,https://hdfffpsqqe8dyt.haodf.com/,https://www.haodf.com/jingyan/all-xiaozifo.htm
普通门诊,6653907941,https://hdfp4fmhhbj.haodf.com/,https://www.haodf.com/jingyan/all-putongmenzhener.htm
陈燕萍,1025417380,https://chenyanping000.haodf.com/,https://www.haodf.com/jingyan/all-chenyanping-6.htm
殷潇凡,7190439823,https://hdfvyukhwfmjyt.haodf.com/,https://www.haodf.com/jingyan/all-yinxiaofan.htm
周振宇,7276604827,https://hdfc3dxqa4xjyt.haodf.com/,https://www.haodf.com/jingyan/all-zhouzhenyu.htm
陈炯,7183918734,https://hdfcjnecatwjyt.haodf.com/,https://www.haodf.com/jingyan/all-chenjiong-8.htm
夏江霓,7183918897,https://hdf8x7mftvhjyt.haodf.com/,https://www.haodf.com/jingyan/all-xiajiangni.htm
谷辉杰,7207737063,https://ghj0110.haodf.com/,https://www.haodf.com/jingyan/all-guhuijie.htm
徐俊,7113365367,https://Adam810107.haodf.com/,https://www.haodf.com/jingyan/all-xujun-122.htm
顾小妹,7273797638,https://hdfrvpxarrcjyt.haodf.com/,https://www.haodf.com/jingyan/all-guxiaomei.htm
彭德伟,7273797851,https://hdfm6p6b7pyjyt.haodf.com/,https://www.haodf.com/jingyan/all-pengdewei.htm
翟淑萍,7273798060,https://hdfqr6c7ecrjyt.haodf.com/,https://www.haodf.com/jingyan/all-dishuping.htm
姚泽忠,3788804092,https://yaozezhongdr.haodf.com/,https://www.haodf.com/jingyan/all-yaozezhong.htm
王立波,798215229,https://wanglbc.haodf.com/,https://www.haodf.com/jingyan/all-wanglibo-15.htm
沈怡,4621687650,https://shengyi88802.haodf.com/,https://www.haodf.com/jingyan/all-shenyi-25.htm
赵建琴,5281267482,https://zhaojianqindr.haodf.com/,https://www.haodf.com/jingyan/all-zhaojianqin-2.htm
夏以琳,6834428901,https://hdfxmyhn3pjdyt.haodf.com/,https://www.haodf.com/jingyan/all-xiayilin.htm
孙红梅,6834550765,https://hdfxrtn3pr7dyt.haodf.com/,https://www.haodf.com/jingyan/all-sunhongmei.htm
封玉琳,6834429660,https://hdfbabec8avdyt.haodf.com/,https://www.haodf.com/jingyan/all-fengyulin-2.htm
林洁,6834440044,https://hdfht46b3t7dyt.haodf.com/,https://www.haodf.com/jingyan/all-linjie-10.htm
董幼祺,62941582,https://youyouluzhu.haodf.com/,https://www.haodf.com/jingyan/all-dongyouqi-2.htm
李利清,123167018,https://liliqingdr.haodf.com/,https://www.haodf.com/jingyan/all-liliqing-3.htm
张新光,6835005617,https://hdfrhuhd7kfdyt.haodf.com/,https://www.haodf.com/jingyan/all-zhangxinguang-3.htm
翁婷,6834466774,https://hdfe8fcdm8rdyt.haodf.com/,https://www.haodf.com/jingyan/all-wengting.htm
孙海英,6834575600,https://hdfxjcpxxm4dyt.haodf.com/,https://www.haodf.com/jingyan/all-sunhaiying-4.htm
沈毅韵,6834575945,https://hdfj3k5qentdyt.haodf.com/,https://www.haodf.com/jingyan/all-shenyiyun.htm
白莉,5438411127,https://bailibl.haodf.com/,https://www.haodf.com/jingyan/all-baili-19.htm
徐海霞,6835073197,https://hdf5j8dywjrdyt.haodf.com/,https://www.haodf.com/jingyan/all-xuhaixia-2.htm
虞坚尔,6834536490,https://hdfk3khmvendyt.haodf.com/,https://www.haodf.com/jingyan/all-yujianer.htm
闵伟福,6834536152,https://hdfrretm5ehdyt.haodf.com/,https://www.haodf.com/jingyan/all-minweifu.htm
王霞芳,6834901850,https://hdfu8smvpx5dyt.haodf.com/,https://www.haodf.com/jingyan/all-wangxiafang-2.htm
陈家树,6834429286,https://hdfc6yybyufdyt.haodf.com/,https://www.haodf.com/jingyan/all-chenjiashu.htm
薛征,5157993621,https://xuezhengsh.haodf.com/,https://www.haodf.com/jingyan/all-xuezheng-5.htm
徐文斐,6834576316,https://hdfy4ftjensdyt.haodf.com/,https://www.haodf.com/jingyan/all-xuwenfei.htm
林外丽,6834535740,https://hdf35h5mdcydyt.haodf.com/,https://www.haodf.com/jingyan/all-linwaili.htm
吴杰,664132,https://shwj1143.haodf.com/,https://www.haodf.com/jingyan/all-wujie-22.htm
周静冬,2445671888,https://zhoujingdongdr.haodf.com/,https://www.haodf.com/jingyan/all-zhoujingdong.htm
李永山,6834483568,https://hdfqhtthdbsdyt.haodf.com/,https://www.haodf.com/jingyan/all-liyongshan-2.htm
梁朝革,6834483939,https://hdfhndxa6psdyt.haodf.com/,https://www.haodf.com/jingyan/all-liangzhaoge.htm
徐志英,1930779790,https://Drxuzhiying.haodf.com/,https://www.haodf.com/jingyan/all-xuzhiying-3.htm
白建忠,6834490184,https://hdfkeunk8vhdyt.haodf.com/,https://www.haodf.com/jingyan/all-baijianzhong.htm
张向阳,6834490877,https://hdftmannbwhdyt.haodf.com/,https://www.haodf.com/jingyan/all-zhangxiangyang-2.htm
唐献忠,1568178,https://drtxz.haodf.com/,https://www.haodf.com/jingyan/all-tangxianzhong.htm
陈誉,86674531,https://jeremiah68.haodf.com/,https://www.haodf.com/jingyan/all-chenyu-60.htm
王嘉,6834485991,https://hdfntwsp4s8dyt.haodf.com/,https://www.haodf.com/jingyan/all-wangjia-12.htm
杨伟,6834487451,https://hdfxs8jbr3kdyt.haodf.com/,https://www.haodf.com/jingyan/all-yangwei-44.htm
季云瀚,972222541,https://jiyunhan.haodf.com/,https://www.haodf.com/jingyan/all-jiyunhan.htm
刘福存,4806765594,https://lfc9904.haodf.com/,https://www.haodf.com/jingyan/all-liufucun.htm
顾梦臻,5681733839,https://gumengzhendr.haodf.com/,https://www.haodf.com/jingyan/all-gumengzhen.htm
徐炜,2333560254,https://shanghaixuwei.haodf.com/,https://www.haodf.com/jingyan/all-xuwei-78.htm
朱晓东,1423762,https://zhuxiaodong1975.haodf.com/,https://www.haodf.com/jingyan/all-zhuxiaodong-9.htm
李志鲲,2617782101,https://drlizhikun.haodf.com/,https://www.haodf.com/jingyan/all-lizhikun-3.htm
徐志强,284332,https://xuzqsh.haodf.com/,https://www.haodf.com/jingyan/all-xuzhiqiang-3.htm
黄东辉,355627,https://huangdonghui.haodf.com/,https://www.haodf.com/jingyan/all-huangdonghui-2.htm
林伟龙,1884251196,https://weilong812.haodf.com/,https://www.haodf.com/jingyan/all-linweilong.htm
沈海敏,497255,https://shenhaimin.haodf.com/,https://www.haodf.com/jingyan/all-shenhaimin.htm
朱炯,497232,https://zhujiong.haodf.com/,https://www.haodf.com/jingyan/all-zhujiong-3.htm
张琪,612082944,https://hdzhangqi.haodf.com/,https://www.haodf.com/jingyan/all-zhangqi-40.htm
朱越峰,167392042,https://zhuyuefeng96.haodf.com/,https://www.haodf.com/jingyan/all-zhuyuefeng-2.htm
梁承伟,5872358117,https://liangchengweidr.haodf.com/,https://www.haodf.com/jingyan/all-liangchengwei.htm
曹旭海,1307832227,https://caoxvhai.haodf.com/,https://www.haodf.com/jingyan/all-caoxuhai.htm
李连生,6834879335,https://hdfnt7k3svndyt.haodf.com/,https://www.haodf.com/jingyan/all-liliansheng-6.htm
陈聪,1321992884,https://chencong221.haodf.com/,https://www.haodf.com/jingyan/all-chencong-11.htm
蔡晓晞,393631267,https://ofcai.haodf.com/,https://www.haodf.com/jingyan/all-caixiaoxi.htm
刘奕,775783895,https://drliuyi188.haodf.com/,https://www.haodf.com/jingyan/all-liuyi-102.htm
范永前,355630,https://fanyongqian.haodf.com/,https://www.haodf.com/jingyan/all-fanyongqian-2.htm
张云海,781356682,https://yunhaizhang.haodf.com/,https://www.haodf.com/jingyan/all-zhangyunhai-2.htm
杨丰建,4304198142,https://yangfengjiandr.haodf.com/,https://www.haodf.com/jingyan/all-yangfengjian.htm
刘伟,946142354,https://liuliumsn.haodf.com/,https://www.haodf.com/jingyan/all-liuwei-189.htm
方浩,5441118513,https://fanghaofhys.haodf.com/,https://www.haodf.com/jingyan/all-fanghao-2.htm
刘旭东,1302820320,https://doctorliuxd.haodf.com/,https://www.haodf.com/jingyan/all-liuxudong-11.htm
唐剑飞,5031229308,https://tangjianfeidr.haodf.com/,https://www.haodf.com/jingyan/all-tangjianfei-2.htm
戚晓冬,7273270106,https://qxdsh8hospital.haodf.com/,https://www.haodf.com/jingyan/all-qixiaodong-7.htm
傅士平,5295408923,https://fushipingdr.haodf.com/,https://www.haodf.com/jingyan/all-fushiping.htm
孙平,2793201,https://sunping1127.haodf.com/,https://www.haodf.com/jingyan/all-sunping-27.htm
宋元,3634273898,https://drsongy.haodf.com/,https://www.haodf.com/jingyan/all-songyuan-4.htm
徐宁,4743379005,https://xvningcom.haodf.com/,https://www.haodf.com/jingyan/all-xuning-31.htm
高晓翔,7117884338,https://DrGaoxx.haodf.com/,https://www.haodf.com/jingyan/all-gaoxiaoxiang.htm
麻文谦,266663,https://mawenqian.haodf.com/,https://www.haodf.com/jingyan/all-mawenqian.htm
柳超,5703708557,https://ortholiuchao.haodf.com/,https://www.haodf.com/jingyan/all-liuchao-73.htm
李玮,5729094083,https://fishbone1980.haodf.com/,https://www.haodf.com/jingyan/all-liwei-477.htm
王亚洲,5335288777,https://wyzthebest.haodf.com/,https://www.haodf.com/jingyan/all-wangyazhou-4.htm
彭永岳,4171032104,https://pyy322.haodf.com/,https://www.haodf.com/jingyan/all-pengyongyue.htm
罗轶,4863452304,https://luoyii2005.haodf.com/,https://www.haodf.com/jingyan/all-luoyi-40.htm
赵琳,327113,https://butcher007.haodf.com/,https://www.haodf.com/jingyan/all-zhaolin-11.htm
丁任,1027737483,https://dingren1515.haodf.com/,https://www.haodf.com/jingyan/all-dingren.htm
马台,403405357,https://Mataidf.haodf.com/,https://www.haodf.com/jingyan/all-matai.htm
王宇池,7276603551,https://hdfwqtydadyjyt.haodf.com/,https://www.haodf.com/jingyan/all-wangyuchi.htm
钱晓忠,2053569503,https://qxz801205.haodf.com/,https://www.haodf.com/jingyan/all-qianxiaozhong.htm
孙建忠,3392515298,https://sunjianzhongdr.haodf.com/,https://www.haodf.com/jingyan/all-sunjianzhong-10.htm
徐进,5961639200,https://shxujinyisheng.haodf.com/,https://www.haodf.com/jingyan/all-xujin-55.htm
石晓兵,1677746,https://shixb2005.haodf.com/,https://www.haodf.com/jingyan/all-shixiaobing.htm
季一珊,7191203359,https://hdftv74wdyejyt.haodf.com/,https://www.haodf.com/jingyan/all-jiyishan.htm
张亚中,7191203416,https://hdf4vbxkmjujyt.haodf.com/,https://www.haodf.com/jingyan/all-zhangyazhong-2.htm
朱一冰,7191203471,https://hdfaufvm6q7jyt.haodf.com/,https://www.haodf.com/jingyan/all-zhuyibing.htm
叶秀章,1729938442,https://yexiuzhang.haodf.com/,https://www.haodf.com/jingyan/all-yexiuzhang.htm
黄建明,1642226565,https://hjmdr.haodf.com/,https://www.haodf.com/jingyan/all-huangjianming.htm
吴良浩,4872728736,https://wulianghaodr.haodf.com/,https://www.haodf.com/jingyan/all-wulianghao-3.htm
施继飞,5043741849,https://shijifei198964.haodf.com/,https://www.haodf.com/jingyan/all-shijifei.htm
姜新华,5199224339,https://Doctorjxh.haodf.com/,https://www.haodf.com/jingyan/all-jiangxinhua-2.htm
禹宝庆,359048,https://yubaoqing.haodf.com/,https://www.haodf.com/jingyan/all-yubaoqing.htm
贾建波,2126764662,https://jiajianbodr.haodf.com/,https://www.haodf.com/jingyan/all-jiajianbo.htm
陈大伟,4783113892,https://drchdw.haodf.com/,https://www.haodf.com/jingyan/all-chendawei-7.htm
宋宇琛,4842518642,https://songyuchendr.haodf.com/,https://www.haodf.com/jingyan/all-songyuchen-3.htm
冯旭,568025249,https://fxtj2011.haodf.com/,https://www.haodf.com/jingyan/all-fengxu-2.htm
董秀红,6095217855,https://shdongxh.haodf.com/,https://www.haodf.com/jingyan/all-dongxiuhong-2.htm
董沛晶,1600696488,https://dongpeijingbenre.haodf.com/,https://www.haodf.com/jingyan/all-dongpeijing-2.htm
廖炀,5525552948,https://drliaoyang.haodf.com/,https://www.haodf.com/jingyan/all-liaoyang-3.htm
解品亮,719277215,https://xiepinliang.haodf.com/,https://www.haodf.com/jingyan/all-jiepinliang.htm
沈洪兴,373266,https://shenhongxing.haodf.com/,https://www.haodf.com/jingyan/all-shenhongxing-3.htm
殷勇,60084701,https://yinyong91042800.haodf.com/,https://www.haodf.com/jingyan/all-yinyong-8.htm
李云飞,41227331,https://leeyunfei.haodf.com/,https://www.haodf.com/jingyan/all-liyunfei.htm
孙建梅,4434687735,https://sunjianmeidr.haodf.com/,https://www.haodf.com/jingyan/all-sunjianmei.htm
张康乐,4370536114,https://zhangkangledr.haodf.com/,https://www.haodf.com/jingyan/all-zhangkangle.htm
丁悦,560126931,https://dingyue0314.haodf.com/,https://www.haodf.com/jingyan/all-dingyue-5.htm
曾庆敏,4943245240,https://zengqingmin1703.haodf.com/,https://www.haodf.com/jingyan/all-zengqingmin.htm
陈延超,5551081859,https://chyanchao.haodf.com/,https://www.haodf.com/jingyan/all-chenyanchao-3.htm
葛喆,6600003963,https://gezhedr.haodf.com/,https://www.haodf.com/jingyan/all-gezhe-2.htm
姚喜州,6810654380,https://zaizuobian.haodf.com/,https://www.haodf.com/jingyan/all-yaoxizhou.htm
夏阔,7212102972,https://xiakuo.haodf.com/,https://www.haodf.com/jingyan/all-xiakuo.htm
徐昭宁,7237548313,https://qmc609930452.haodf.com/,https://www.haodf.com/jingyan/all-xuzhaoning.htm
蔡国平,4011879677,https://caiguopingdr.haodf.com/,https://www.haodf.com/jingyan/all-caiguoping.htm
赵明东,2547915977,https://zhaomingdongjs.haodf.com/,https://www.haodf.com/jingyan/all-zhaomingdong-2.htm
张世民,421262,https://zhangshimin.haodf.com/,https://www.haodf.com/jingyan/all-zhangshimin-3.htm
刘亮,357811,https://liangliu.haodf.com/,https://www.haodf.com/jingyan/all-liuliang-3.htm
蔡珉巍,357789,https://caiminwei.haodf.com/,https://www.haodf.com/jingyan/all-caiminwei.htm
刘晓东,1364131596,https://lxd818.haodf.com/,https://www.haodf.com/jingyan/all-liuxiaodong-19.htm
薛华明,958718516,https://xuehuaming.haodf.com/,https://www.haodf.com/jingyan/all-xuehuaming.htm
甘霈,5256979110,https://ganpei.haodf.com/,https://www.haodf.com/jingyan/all-ganpei.htm
黎晓华,1294505,https://drlxh12.haodf.com/,https://www.haodf.com/jingyan/all-lixiaohua-5.htm
王朋朋,5553320926,https://wangpengpengdf.haodf.com/,https://www.haodf.com/jingyan/all-wangpengpeng-4.htm
张季红,5552760885,https://zhangjihongdr.haodf.com/,https://www.haodf.com/jingyan/all-zhangjihong-9.htm
刘勇章,4815556944,https://liuyongzhangdr.haodf.com/,https://www.haodf.com/jingyan/all-liuyongzhang.htm
马捷,675262648,https://doctormajie.haodf.com/,https://www.haodf.com/jingyan/all-majie-17.htm
庄蕾,2838697159,https://zhuangleidr.haodf.com/,https://www.haodf.com/jingyan/all-zhuanglei-2.htm
汤洋,4798796571,https://drtangyang.haodf.com/,https://www.haodf.com/jingyan/all-tangyang-6.htm
丁欢,4798812391,https://drdingh.haodf.com/,https://www.haodf.com/jingyan/all-dinghuan.htm
丁勇,4798880832,https://dingyonghdf.haodf.com/,https://www.haodf.com/jingyan/all-dingyong-16.htm
傅智轶,4505220437,https://alphaf.haodf.com/,https://www.haodf.com/jingyan/all-fuzhiyi-2.htm
陶海荣,630138230,https://taohair.haodf.com/,https://www.haodf.com/jingyan/all-taohairong.htm
陆雄伟,529770946,https://hospital3joint.haodf.com/,https://www.haodf.com/jingyan/all-luxiongwei.htm
王祥,4402369974,https://wangxianggk.haodf.com/,https://www.haodf.com/jingyan/all-wangxiang-53.htm
祝加学,2830306,https://zhujiaxue.haodf.com/,https://www.haodf.com/jingyan/all-zhujiaxue.htm
王惠东,4907346105,https://wanghuidongdf.haodf.com/,https://www.haodf.com/jingyan/all-wanghuidong-6.htm
吴玉杰,1054811243,https://wuyujieMD.haodf.com/,https://www.haodf.com/jingyan/all-wuyujie-3.htm
陈继源,4440418842,https://chenjiyuandr.haodf.com/,https://www.haodf.com/jingyan/all-chenjiyuan.htm
亢娟,5340156578,https://zhikangjuan.haodf.com/,https://www.haodf.com/jingyan/all-kangjuan.htm
董焱,5357196325,https://dongyan1999.haodf.com/,https://www.haodf.com/jingyan/all-dongyan-37.htm
范伟星,302248,https://fvxzyp.haodf.com/,https://www.haodf.com/jingyan/all-fanweixing-3.htm
姜海莹,100626431,https://haiyingjiang.haodf.com/,https://www.haodf.com/jingyan/all-jianghaiying-2.htm
刘祥胜,784922873,https://drliuxiangsheng.haodf.com/,https://www.haodf.com/jingyan/all-liuxiangsheng.htm
吴静炯,3597549898,https://wujingjiong.haodf.com/,https://www.haodf.com/jingyan/all-wujingjiong.htm
吴俊国,2920639383,https://wujunguodr.haodf.com/,https://www.haodf.com/jingyan/all-wujunguo.htm
王思群,79222843,https://wangsiqun.haodf.com/,https://www.haodf.com/jingyan/all-wangsiqun-2.htm
董有海,3385635375,https://dongyouhai.haodf.com/,https://www.haodf.com/jingyan/all-dongyouhai.htm
王明海,3418128829,https://wangminghaidr.haodf.com/,https://www.haodf.com/jingyan/all-wangminghai-6.htm
王晓明,5605252358,https://wangxmys.haodf.com/,https://www.haodf.com/jingyan/all-wangxiaoming-16.htm
王斐,4240555031,https://shwangfei.haodf.com/,https://www.haodf.com/jingyan/all-wangfei-123.htm
周利军,141567,https://sherryzhou.haodf.com/,https://www.haodf.com/jingyan/all-zhoulijun-17.htm
袁拥军,624002505,https://yuanyongjundr.haodf.com/,https://www.haodf.com/jingyan/all-yuanyongjun.htm
何国础,1267125422,https://hgc12345.haodf.com/,https://www.haodf.com/jingyan/all-heguochu-3.htm
树岗,3096342409,https://shugangrj.haodf.com/,https://www.haodf.com/jingyan/all-shugang.htm
罗会涛,5700315886,https://aluoha167.haodf.com/,https://www.haodf.com/jingyan/all-luohuitao.htm
黄三玉,7274763547,https://hdfyy6rkaa8jyt.haodf.com/,https://www.haodf.com/jingyan/all-huangsanyu.htm
闻萍,7183871959,https://hdfdqujscvajyt.haodf.com/,https://www.haodf.com/jingyan/all-wenping-6.htm
丁立人,7274619907,https://hdf5wdh65rkjyt.haodf.com/,https://www.haodf.com/jingyan/all-dingliren.htm
程蓉,7275923779,https://hdfhp5atep6jyt.haodf.com/,https://www.haodf.com/jingyan/all-chengrong-2.htm
张前法,137724202,https://zhangqianfa.haodf.com/,https://www.haodf.com/jingyan/all-zhangqianfa.htm
吴子征,708756320,https://wuzizheng.haodf.com/,https://www.haodf.com/jingyan/all-wuzizheng.htm
李孟军,938628473,https://limengjundr.haodf.com/,https://www.haodf.com/jingyan/all-limengjun-2.htm
刘静东,537418799,https://jingdongliu.haodf.com/,https://www.haodf.com/jingyan/all-liujingdong-6.htm
周友良,577351717,https://zhouyouliang.haodf.com/,https://www.haodf.com/jingyan/all-zhouyouliang.htm
陈大勇,292991,https://cdy540.haodf.com/,https://www.haodf.com/jingyan/all-chendayong-3.htm
沈谷丰,562196342,https://shengufeng.haodf.com/,https://www.haodf.com/jingyan/all-shengufeng.htm
丁荣富,2162738207,https://dingrongfu1.haodf.com/,https://www.haodf.com/jingyan/all-dingrongfu.htm
杜科伟,7215476510,https://dukewei.haodf.com/,https://www.haodf.com/jingyan/all-dukewei.htm
姜健枫,3208561665,https://jiangjianfengdr.haodf.com/,https://www.haodf.com/jingyan/all-jiangjianfeng.htm
薛锋,51933976,https://xuefengdr.haodf.com/,https://www.haodf.com/jingyan/all-xuefeng-12.htm
周耀军,59487173,https://zhouyaojun.haodf.com/,https://www.haodf.com/jingyan/all-zhouyaojun.htm
肖海军,733598480,https://haijunxiao.haodf.com/,https://www.haodf.com/jingyan/all-xiaohaijun.htm
韩本松,2727072599,https://hanbensong.haodf.com/,https://www.haodf.com/jingyan/all-hanbensong.htm
李颖,5529618363,https://Stevendoctor123.haodf.com/,https://www.haodf.com/jingyan/all-liying-248.htm
徐继平,64507425,https://xujiping2001.haodf.com/,https://www.haodf.com/jingyan/all-xujiping-3.htm
孔丽,1849013,https://kongli86.haodf.com/,https://www.haodf.com/jingyan/all-kongli.htm
卫怡琼,93786930,https://qianming1976.haodf.com/,https://www.haodf.com/jingyan/all-weiyiqiong.htm
邬文伟,5732392399,https://tiger399.haodf.com/,https://www.haodf.com/jingyan/all-wuwenwei-2.htm
邵印麟,4774807153,https://drshaoyinin.haodf.com/,https://www.haodf.com/jingyan/all-shaoyinlin-2.htm
张海龙,2612910,https://zhl8250.haodf.com/,https://www.haodf.com/jingyan/all-zhanghailong-12.htm
许庆利,2736150,https://drxuqingli.haodf.com/,https://www.haodf.com/jingyan/all-xuqingli-3.htm
邹宁,319291593,https://ningzi1959.haodf.com/,https://www.haodf.com/jingyan/all-zouning.htm
张亮,3906616565,https://leonzl.haodf.com/,https://www.haodf.com/jingyan/all-zhangliang-55.htm
梁钟鸣,6080343106,https://liangzhm.haodf.com/,https://www.haodf.com/jingyan/all-liangzhongming.htm
肖涟波,892753519,https://xiaolianbo.haodf.com/,https://www.haodf.com/jingyan/all-xiaolianbo.htm
杜晓禾,6834538276,https://hdf6a7pek48dyt.haodf.com/,https://www.haodf.com/jingyan/all-duxiaohe.htm
吴林生,6834538618,https://hdf34h4wtexdyt.haodf.com/,https://www.haodf.com/jingyan/all-wulinsheng.htm
郑旻,1894689,https://doctorzhengmin.haodf.com/,https://www.haodf.com/jingyan/all-zhengmin-20.htm
滕跃,5103381288,https://tykenwait.haodf.com/,https://www.haodf.com/jingyan/all-liuping-156.htm
吴洪亮,318166,https://drwhl.haodf.com/,https://www.haodf.com/jingyan/all-wuhongliang.htm
黄伟杰,107017733,https://huangweijie.haodf.com/,https://www.haodf.com/jingyan/all-huangweijie.htm
吴大明,6834546590,https://hdf6nnywjqcdyt.haodf.com/,https://www.haodf.com/jingyan/all-wudaming-2.htm
徐健,6834546949,https://hdfr3d4a8e8dyt.haodf.com/,https://www.haodf.com/jingyan/all-xujian-21.htm
李海波,6834890941,https://hdfeuqtuu4hdyt.haodf.com/,https://www.haodf.com/jingyan/all-lihaibo-16.htm
倪明,6184535983,https://Dr98Ni.haodf.com/,https://www.haodf.com/jingyan/all-niming-8.htm
曹师锋,639752895,https://caoshifengdr.haodf.com/,https://www.haodf.com/jingyan/all-caoshifeng.htm
王健,5400529266,https://wjwj0328.haodf.com/,https://www.haodf.com/jingyan/all-wangjian-279.htm
吴晓,2814057378,https://Xwuxiao.haodf.com/,https://www.haodf.com/jingyan/all-wuxiao-4.htm
杨庆,4206966063,https://yangqing0011.haodf.com/,https://www.haodf.com/jingyan/all-yangqing-34.htm
翁伟峰,4220803598,https://wwf761124.haodf.com/,https://www.haodf.com/jingyan/all-wengweifeng.htm
傅阳,743739935,https://fuyangdr.haodf.com/,https://www.haodf.com/jingyan/all-fuyang-4.htm
阮志勇,3264673010,https://ruanzhiyongdr.haodf.com/,https://www.haodf.com/jingyan/all-ruanzhiyong.htm
庄健,5875446404,https://ZhuangJ.haodf.com/,https://www.haodf.com/jingyan/all-zhuangjian-8.htm
李向前,2481672440,https://doclixiangqian.haodf.com/,https://www.haodf.com/jingyan/all-lixiangqian-2.htm
陈铭吉,5855565840,https://chenmjdr.haodf.com/,https://www.haodf.com/jingyan/all-chenmingji-4.htm
杨军,4920228037,https://yangjunyj1230.haodf.com/,https://www.haodf.com/jingyan/all-yangjun-181.htm
陈农,689970141,https://chennong.haodf.com/,https://www.haodf.com/jingyan/all-chennong-5.htm
贾西燕,2187049,https://swa110w.haodf.com/,https://www.haodf.com/jingyan/all-jiaxiyan.htm
陆惠兰,573817285,https://luhuilandr.haodf.com/,https://www.haodf.com/jingyan/all-luhuilan.htm
黄彩娟,582857711,https://hcj1973.haodf.com/,https://www.haodf.com/jingyan/all-huangcaijuan.htm
沈军,4369338853,https://echoshen11.haodf.com/,https://www.haodf.com/jingyan/all-shenjun-33.htm
谢宇飞,575186253,https://xieyufei168.haodf.com/,https://www.haodf.com/jingyan/all-xieyufei.htm
皇甫占,572284501,https://huangfuzhan.haodf.com/,https://www.haodf.com/jingyan/all-huangfuzhan.htm
徐灵敏,49664,https://xulingmin.haodf.com/,https://www.haodf.com/jingyan/all-xulingmin.htm
邹菊培,7189432413,https://hdfurw7xdjbjyt.haodf.com/,https://www.haodf.com/jingyan/all-zoujupei.htm
刘成纲,7189435342,https://hdf4ywm4usfjyt.haodf.com/,https://www.haodf.com/jingyan/all-liuchenggang-2.htm
刘暾,6255587382,https://LYS191919.haodf.com/,https://www.haodf.com/jingyan/all-liutun-2.htm
袁庆辉,7189237777,https://hdfcp3s58p7jyt.haodf.com/,https://www.haodf.com/jingyan/all-yuanqinghui.htm
王义新,7189429772,https://hdfpn6q5ndxjyt.haodf.com/,https://www.haodf.com/jingyan/all-wangyixin-9.htm
李茵,7189237617,https://hdf3ne7py3xjyt.haodf.com/,https://www.haodf.com/jingyan/all-liyin-19.htm
张岩,634014774,https://zhangyanys.haodf.com/,https://www.haodf.com/jingyan/all-zhangyan-172.htm
王治,6004366852,https://wangzhi1973.haodf.com/,https://www.haodf.com/jingyan/all-wangzhi-59.htm
刘树义,648176838,https://liushuyi1136.haodf.com/,https://www.haodf.com/jingyan/all-liushuyi-3.htm
杨铁毅,379629592,https://yangtieyi.haodf.com/,https://www.haodf.com/jingyan/all-yangtieyi-3.htm
刘粤,719083296,https://lliuyuee.haodf.com/,https://www.haodf.com/jingyan/all-liuyue-21.htm
唐江安,5732573942,https://tangjiangan.haodf.com/,https://www.haodf.com/jingyan/all-tangjiangan.htm
张忠润,1492727822,https://zhangzhongrun.haodf.com/,https://www.haodf.com/jingyan/all-zhangzhongrun.htm
周军,4835269136,https://zhoujun2533.haodf.com/,https://www.haodf.com/jingyan/all-zhoujun-73.htm
黄国华,773127815,https://huanguohua.haodf.com/,https://www.haodf.com/jingyan/all-huangguohua-6.htm
普通门诊,6672217444,https://hdfssh5ecy8.haodf.com/,https://www.haodf.com/jingyan/all-putongmenzhen-141.htm
郭艳芳,6004620621,https://gyf530426.haodf.com/,https://www.haodf.com/jingyan/all-guoyanfang.htm
徐忠裕,143413108,https://xuzhongyu.haodf.com/,https://www.haodf.com/jingyan/all-xuzhongyu.htm
李卓,5343268884,https://lzh03453.haodf.com/,https://www.haodf.com/jingyan/all-lizhuo-24.htm
邱水强,4580411881,https://qiushuiqiang.haodf.com/,https://www.haodf.com/jingyan/all-qiushuiqiang.htm
李宇安,381646751,https://ayl2011.haodf.com/,https://www.haodf.com/jingyan/all-liyuan-21.htm
陈宇,579154395,https://Nancy97368CHEN.haodf.com/,https://www.haodf.com/jingyan/all-chenyu-46.htm
余桦,7274496352,https://hdf78cbsm3qjyt.haodf.com/,https://www.haodf.com/jingyan/all-yuhua-18.htm
何琦松,7189251280,https://hdfysh4tdw3jyt.haodf.com/,https://www.haodf.com/jingyan/all-heqisong.htm
张东辉,4339116539,https://zhangdhdr.haodf.com/,https://www.haodf.com/jingyan/all-zhangdonghui-10.htm
霍莉莉,961701,https://huolili.haodf.com/,https://www.haodf.com/jingyan/all-huolili.htm
沈朝斌,7183986551,https://hdfbevns7kkjyt.haodf.com/,https://www.haodf.com/jingyan/all-shenzhaobin.htm
吴岚莹,7183986722,https://hdfnwtmarymjyt.haodf.com/,https://www.haodf.com/jingyan/all-wulanying.htm
王华,7274591230,https://hdfw667w8rrjyt.haodf.com/,https://www.haodf.com/jingyan/all-wanghua-56.htm
朱东晖,6542704316,https://zhudonghuidr.haodf.com/,https://www.haodf.com/jingyan/all-zhudonghui-3.htm
陈勇,402593334,https://chenyong170.haodf.com/,https://www.haodf.com/jingyan/all-chenyong-130.htm
何博,2401011962,https://hebodr.haodf.com/,https://www.haodf.com/jingyan/all-hebo-11.htm
黄必军,2401020540,https://huangbijundr.haodf.com/,https://www.haodf.com/jingyan/all-huangbijun.htm
陈松,5653475554,https://chensongsh.haodf.com/,https://www.haodf.com/jingyan/all-chensong-21.htm
欧阳元明,5601410371,https://ouyangyuanming.haodf.com/,https://www.haodf.com/jingyan/all-ouyangyuanming-2.htm
刘万军,705368704,https://drliuwanjun.haodf.com/,https://www.haodf.com/jingyan/all-liuwanjun-10.htm
文根,7169243855,https://wengen975086.haodf.com/,https://www.haodf.com/jingyan/all-wengen-2.htm
姜朝来,1150861523,https://jcl9999.haodf.com/,https://www.haodf.com/jingyan/all-jiangzhaolai.htm
顾文奇,1971043149,https://guwenqi08.haodf.com/,https://www.haodf.com/jingyan/all-guwenqi.htm
王伟,6107889278,https://gkwangwei.haodf.com/,https://www.haodf.com/jingyan/all-wangwei-624.htm
张金萍,5551318422,https://zhangjinpingdf.haodf.com/,https://www.haodf.com/jingyan/all-zhangjinping-20.htm
蒋芹,5556829083,https://jiangqindr.haodf.com/,https://www.haodf.com/jingyan/all-jiangqin-10.htm
包春玲,6220327394,https://baochunlin.haodf.com/,https://www.haodf.com/jingyan/all-baochunling-3.htm
解玲玲,7004199496,https://xielinglingdr.haodf.com/,https://www.haodf.com/jingyan/all-jielingling.htm
吴志敏,3865287101,https://drwuzhimin.haodf.com/,https://www.haodf.com/jingyan/all-wuzhimin-2.htm
朱长林,98734,https://zclcd.haodf.com/,https://www.haodf.com/jingyan/all-zhuchanglin.htm
张弛,1653517327,https://zhangchidaifu.haodf.com/,https://www.haodf.com/jingyan/all-zhangchi-19.htm
李幼德,1688445202,https://liyoude.haodf.com/,https://www.haodf.com/jingyan/all-liyoude.htm
李双,1716694425,https://lishuang527.haodf.com/,https://www.haodf.com/jingyan/all-lishuang-17.htm
洪方业,1723974016,https://hongfangye72.haodf.com/,https://www.haodf.com/jingyan/all-hongfangye.htm
杨兴华,1725581469,https://yangxinghua1.haodf.com/,https://www.haodf.com/jingyan/all-yangxinghua-6.htm
孙伟,1727821816,https://sunweiyiliao.haodf.com/,https://www.haodf.com/jingyan/all-sunwei-73.htm
康维锦,1724071322,https://kangweijin.haodf.com/,https://www.haodf.com/jingyan/all-kangweijin.htm
孙宏伟,839346059,https://sunhongwei9.haodf.com/,https://www.haodf.com/jingyan/all-sunhongwei-14.htm
谢伟,5559749416,https://xiewei4091.haodf.com/,https://www.haodf.com/jingyan/all-xiewei-46.htm
孙大川,5666343643,https://drsdc.haodf.com/,https://www.haodf.com/jingyan/all-sundachuan.htm
王继欢,3481556941,https://drwjh.haodf.com/,https://www.haodf.com/jingyan/all-wangjihuan.htm
王春燕,3599348155,https://drwcy.haodf.com/,https://www.haodf.com/jingyan/all-wangchunyan-30.htm
乔玉兰,3707330252,https://qyldf.haodf.com/,https://www.haodf.com/jingyan/all-qiaoyulan-2.htm
平献红,3599357604,https://pingxianhong.haodf.com/,https://www.haodf.com/jingyan/all-pingxianhong.htm
方国华,3605225671,https://fangguohuadr.haodf.com/,https://www.haodf.com/jingyan/all-fangguohua-2.htm
周袁超,3605216474,https://zhouyuanchaodr.haodf.com/,https://www.haodf.com/jingyan/all-zhouyuanchao.htm
林束珠,3597560379,https://linshuzhudr.haodf.com/,https://www.haodf.com/jingyan/all-linshuzhu.htm
邬巍,3599623391,https://fcwuwei.haodf.com/,https://www.haodf.com/jingyan/all-wuwei-78.htm
徐芳,3599632536,https://fcxufang.haodf.com/,https://www.haodf.com/jingyan/all-xufang-23.htm
王仁忠,3132515881,https://woaigcd180.haodf.com/,https://www.haodf.com/jingyan/all-wangrenzhong-5.htm
李恒涛,3235404038,https://lihengtao.haodf.com/,https://www.haodf.com/jingyan/all-lihengtao.htm
罗亚平,2537733013,https://yapingluo1985.haodf.com/,https://www.haodf.com/jingyan/all-luoyaping-4.htm
凡军,5300146578,https://fanjun1019.haodf.com/,https://www.haodf.com/jingyan/all-fanjun-19.htm
王少峰,5466567835,https://wsf27354982.haodf.com/,https://www.haodf.com/jingyan/all-wangshaofeng-12.htm
陈金生,4515776509,https://chenjinshengdr.haodf.com/,https://www.haodf.com/jingyan/all-chenjinsheng-5.htm
龚海涛,3556206029,https://gonghaitaodr.haodf.com/,https://www.haodf.com/jingyan/all-gonghaitao-2.htm
娄玉健,4696778039,https://louyujian.haodf.com/,https://www.haodf.com/jingyan/all-louyujian.htm
付备刚,3692853952,https://fbgdf.haodf.com/,https://www.haodf.com/jingyan/all-fubeigang.htm
王明辉,4003641094,https://wmh197317.haodf.com/,https://www.haodf.com/jingyan/all-wangminghui-9.htm
夏胜利,3729224607,https://xiashengli.haodf.com/,https://www.haodf.com/jingyan/all-xiashengli.htm
陆耀刚,3686801991,https://luyaogang.haodf.com/,https://www.haodf.com/jingyan/all-luyaogang.htm
沈超,3811957715,https://supershen401.haodf.com/,https://www.haodf.com/jingyan/all-shenchao-5.htm
崔煦,6025294441,https://cuixu666.haodf.com/,https://www.haodf.com/jingyan/all-cuixu-4.htm
田铭霞,3686529321,https://tianmxdr.haodf.com/,https://www.haodf.com/jingyan/all-tianmingxia-3.htm
符佩华,5414402353,https://fupeihua.haodf.com/,https://www.haodf.com/jingyan/all-fupeihua.htm
蒋仕林,5321519366,https://jiangshilin.haodf.com/,https://www.haodf.com/jingyan/all-jiangshilin-2.htm
刘大林,3280232636,https://liudalingyxf.haodf.com/,https://www.haodf.com/jingyan/all-liudalin-2.htm
谢新宝,3109932500,https://xiexinbao.haodf.com/,https://www.haodf.com/jingyan/all-xiexinbao-2.htm
陈辉,6948776652,https://drchenhui2018.haodf.com/,https://www.haodf.com/jingyan/all-chenhui-152.htm
武慧明,3803556389,https://wuhuiming2000.haodf.com/,https://www.haodf.com/jingyan/all-wuhuiming-2.htm
王亦毅,4796372607,https://wangyiyi2016.haodf.com/,https://www.haodf.com/jingyan/all-wangyiyi-2.htm
王传琨,5057575608,https://wangchuankun127.haodf.com/,https://www.haodf.com/jingyan/all-wangchuankun.htm
崔孔蛟,124704099,https://cuikongjiao.haodf.com/,https://www.haodf.com/jingyan/all-cuikongjiao.htm
周雨,5346736595,https://zhouyuzyys.haodf.com/,https://www.haodf.com/jingyan/all-zhouyu-50.htm
苗炜亮,6709780852,https://smallalex0107.haodf.com/,https://www.haodf.com/jingyan/all-miaoweiliang.htm
张鑫,4894600866,https://voice83zhuzx.haodf.com/,https://www.haodf.com/jingyan/all-zhangxin-146.htm
袁嘉隆,4075863646,https://yuanjldr.haodf.com/,https://www.haodf.com/jingyan/all-yuanjialong.htm
周强,5500535153,https://doctordumuzhou.haodf.com/,https://www.haodf.com/jingyan/all-zhouqiang-35.htm
谭永强,7216653859,https://tanyongqiang.haodf.com/,https://www.haodf.com/jingyan/all-tanyongqiang.htm
施彩萍,6834808296,https://hdfkwqpmwnddyt.haodf.com/,https://www.haodf.com/jingyan/all-shicaiping-3.htm
陆锋伟,4424918391,https://mylfwmylfw.haodf.com/,https://www.haodf.com/jingyan/all-lufengwei.htm
谈瀛,5377714931,https://tanyingdf.haodf.com/,https://www.haodf.com/jingyan/all-tanying-11.htm
袁锋,1007809,https://dryuan.haodf.com/,https://www.haodf.com/jingyan/all-yuanfeng-29.htm
朱慧红,4758745483,https://zhhwll123.haodf.com/,https://www.haodf.com/jingyan/all-zhuhuihong-2.htm
朱宗昊,4165203553,https://zzh2006zzh.haodf.com/,https://www.haodf.com/jingyan/all-zhuzonghao-2.htm
赵椰枫,5881729240,https://zhaoyefeng2002.haodf.com/,https://www.haodf.com/jingyan/all-zhaoyefeng.htm
费青,7188463745,https://hdfmuw3afx4jyt.haodf.com/,https://www.haodf.com/jingyan/all-feiqing.htm
王鸥,7188463917,https://hdfuqraewpnjyt.haodf.com/,https://www.haodf.com/jingyan/all-wangou-2.htm
张玉娥,7189394663,https://hdfxxpusk7fjyt.haodf.com/,https://www.haodf.com/jingyan/all-zhangyue-82.htm
金惠娣,7189400312,https://hdfpbywkqcrjyt.haodf.com/,https://www.haodf.com/jingyan/all-jinhuidi.htm
张涛,1220060,https://taozhangspine.haodf.com/,https://www.haodf.com/jingyan/all-zhangtao-187.htm
岳孟源,4679172557,https://yuemengyuan.haodf.com/,https://www.haodf.com/jingyan/all-yuemengyuan-3.htm
傅玉梅,5901251120,https://fuyumeidr.haodf.com/,https://www.haodf.com/jingyan/all-fuyumei.htm
杜其威,5868482187,https://mbqghyl1983.haodf.com/,https://www.haodf.com/jingyan/all-duqiwei.htm
龚朝晖,5847205029,https://Jamesgong.haodf.com/,https://www.haodf.com/jingyan/all-gongzhaohui.htm
邹鹏,5292046012,https://zoupeng2017.haodf.com/,https://www.haodf.com/jingyan/all-zoupeng-6.htm
崔学潮,6669994036,https://cuixuechao12345.haodf.com/,https://www.haodf.com/jingyan/all-cuixuechao.htm
沈杰敏,4903291682,https://shenjiemin.haodf.com/,https://www.haodf.com/jingyan/all-shenjiemin.htm
付晓伟,5286294019,https://fxw201706.haodf.com/,https://www.haodf.com/jingyan/all-fuxiaowei.htm
祝建光,1165584,https://zhujianguang.haodf.com/,https://www.haodf.com/jingyan/all-zhujianguang-2.htm
刘杰,2680667,https://liujieshcn.haodf.com/,https://www.haodf.com/jingyan/all-liujie-150.htm
江南,1850061773,https://jiangnan513.haodf.com/,https://www.haodf.com/jingyan/all-jiangnan-13.htm
刘洋,1381428046,https://imhappyy.haodf.com/,https://www.haodf.com/jingyan/all-liuyang-206.htm
史国栋,532584037,https://shgd008.haodf.com/,https://www.haodf.com/jingyan/all-shiguodong-5.htm
朱文辉,1015220365,https://zhuwenhui2008.haodf.com/,https://www.haodf.com/jingyan/all-zhuwenhui-5.htm
王策,2163734767,https://wangcespine.haodf.com/,https://www.haodf.com/jingyan/all-wangce-5.htm
李欣,5023329033,https://erkeyishenglixin.haodf.com/,https://www.haodf.com/jingyan/all-lixin-175.htm
朱首豪,5735851959,https://sjzsh.haodf.com/,https://www.haodf.com/jingyan/all-zhushouhao.htm
谢玮,5731807969,https://XIEWEI2015abc.haodf.com/,https://www.haodf.com/jingyan/all-xiewei-47.htm
李乐,4532455610,https://LL1967313.haodf.com/,https://www.haodf.com/jingyan/all-lile-8.htm
赵梓汝,5154120770,https://spinezzr.haodf.com/,https://www.haodf.com/jingyan/all-zhaoziru.htm
孙青刚,4484064115,https://sunqgdr.haodf.com/,https://www.haodf.com/jingyan/all-sunqinggang.htm
杨周剑,5359782459,https://yishengyzj.haodf.com/,https://www.haodf.com/jingyan/all-yangzhoujian-2.htm
方凤,1541637755,https://fangfeng2013.haodf.com/,https://www.haodf.com/jingyan/all-fangfeng-2.htm
朱志颖,2430020,https://echo475.haodf.com/,https://www.haodf.com/jingyan/all-zhuzhiying-2.htm
罗静涛,5687414640,https://coolcamelcool.haodf.com/,https://www.haodf.com/jingyan/all-liugaofeng-3.htm
董双海,842625518,https://dongshuanghai.haodf.com/,https://www.haodf.com/jingyan/all-dongshuanghai.htm
李坤,5610561746,https://likun626.haodf.com/,https://www.haodf.com/jingyan/all-likun-45.htm
刘祖德,456059,https://liuzude.haodf.com/,https://www.haodf.com/jingyan/all-liuzude-3.htm
马涛,456074,https://drmatao.haodf.com/,https://www.haodf.com/jingyan/all-matao-41.htm
钱列,805557,https://qlspine.haodf.com/,https://www.haodf.com/jingyan/all-qianlie-2.htm
朱颖华,1705650,https://drzhuyinghua.haodf.com/,https://www.haodf.com/jingyan/all-zhuyinghua-4.htm
钟贵彬,85827733,https://zhonggb.haodf.com/,https://www.haodf.com/jingyan/all-zhongguibin-2.htm
宋国君,6573266059,https://songguojun1.haodf.com/,https://www.haodf.com/jingyan/all-songguojun-3.htm
李春光,7187268178,https://drlichunguang.haodf.com/,https://www.haodf.com/jingyan/all-lichunguang-17.htm
胡牧,4892687272,https://humudr.haodf.com/,https://www.haodf.com/jingyan/all-humu-3.htm
费民立,6834785312,https://hdfuys7fmbsdyt.haodf.com/,https://www.haodf.com/jingyan/all-feiminli.htm
于沈敏,6834785718,https://hdfeqxt5nc8dyt.haodf.com/,https://www.haodf.com/jingyan/all-yushenmin.htm
慕小瑜,6834787080,https://hdfya6majvpdyt.haodf.com/,https://www.haodf.com/jingyan/all-muxiaoyu.htm
王方,5715394987,https://wangfangreconstr.haodf.com/,https://www.haodf.com/jingyan/all-wangfang-14.htm
李敏,6834553461,https://hdfpc5xuh65dyt.haodf.com/,https://www.haodf.com/jingyan/all-limin-51.htm
姚龚,678016,https://pippenyao.haodf.com/,https://www.haodf.com/jingyan/all-yaogong.htm
陈志坚,3939668005,https://drczj.haodf.com/,https://www.haodf.com/jingyan/all-chenzhijian-9.htm
江超雄,4165937425,https://jcxdr.haodf.com/,https://www.haodf.com/jingyan/all-jiangchaoxiong.htm
洪军,7183989886,https://hdf6sn5feknjyt.haodf.com/,https://www.haodf.com/jingyan/all-hongjun-15.htm